Source,Target,Label
1,2,1
1,5,1
2,11,1
2,13,1
3,63,1
3,65,1
3,67,1
4,16,1
4,18,1
5,6,1
5,8,1
5,10,1
6,7,1
6,9,1
7,5,1
7,9,1
7,290,1
8,21,1
8,23,1
10,5,1
10,137,1
10,139,1
11,9,1
11,25,1
12,260,1
12,262,1
12,264,1
13,21,1
13,140,1
14,13,1
14,27,1
15,68,1
15,70,1
15,72,1
16,7,1
16,73,1
17,6,1
17,8,1
17,31,1
18,33,1
18,35,1
19,4,1
19,73,1
19,75,1
20,7,1
20,23,1
21,13,1
21,28,1
21,164,1
22,23,1
22,38,1
23,8,1
23,20,1
23,142,1
24,41,1
24,43,1
25,11,1
25,46,1
26,11,1
26,266,1
26,268,1
27,21,1
27,77,1
28,20,1
28,80,1
28,82,1
29,144,1
29,146,1
30,8,1
30,48,1
30,50,1
31,17,1
31,84,1
32,18,1
32,148,1
32,150,1
33,93,1
33,95,1
34,18,1
34,51,1
34,53,1
35,33,1
35,55,1
36,18,1
36,153,1
36,155,1
37,22,1
37,97,1
38,22,1
38,271,1
38,273,1
39,37,1
39,86,1
40,8,1
40,41,1
40,43,1
41,40,1
41,43,1
42,8,1
42,40,1
42,43,1
43,40,1
43,42,1
44,24,1
44,41,1
44,43,1
45,25,1
45,59,1
46,11,1
46,45,1
46,88,1
47,25,1
47,58,1
48,30,1
48,156,1
48,158,1
49,48,1
49,157,1
50,9,1
50,49,1
50,90,1
51,32,1
51,154,1
52,34,1
52,276,1
52,278,1
53,54,1
53,61,1
54,35,1
54,60,1
54,159,1
55,53,1
55,91,1
56,33,1
56,94,1
56,96,1
57,25,1
57,59,1
58,11,1
58,45,1
58,59,1
59,25,1
59,46,1
60,53,1
60,159,1
60,161,1
61,53,1
61,162,1
62,35,1
62,54,1
62,159,1
63,64,1
63,98,1
64,63,1
64,98,1
64,280,1
65,66,1
65,100,1
66,63,1
66,65,1
66,419,1
67,63,1
67,118,1
69,15,1
69,105,1
69,420,1
70,71,1
70,103,1
71,15,1
71,102,1
71,104,1
72,69,1
72,106,1
73,4,1
73,19,1
73,108,1
74,16,1
74,73,1
75,4,1
75,19,1
75,110,1
76,283,1
76,285,1
77,28,1
77,423,1
77,425,1
78,23,1
78,112,1
79,13,1
79,81,1
79,164,1
80,28,1
80,97,1
81,28,1
81,288,1
82,290,1
82,292,1
83,17,1
83,165,1
83,167,1
84,31,1
84,427,1
85,17,1
85,168,1
85,170,1
86,38,1
86,87,1
87,37,1
87,86,1
87,115,1
88,25,1
88,46,1
89,30,1
89,50,1
89,294,1
90,50,1
90,172,1
91,35,1
91,92,1
91,296,1
92,55,1
92,295,1
93,33,1
93,94,1
93,297,1
95,56,1
95,94,1
96,33,1
96,94,1
96,174,1
97,63,1
97,116,1
98,8,1
98,63,1
98,119,1
99,63,1
99,176,1
100,63,1
100,99,1
100,430,1
101,65,1
101,100,1
102,70,1
102,103,1
102,179,1
103,28,1
103,120,1
104,71,1
104,178,1
104,299,1
105,69,1
105,106,1
106,69,1
106,105,1
106,134,1
107,72,1
107,301,1
108,124,1
108,126,1
109,4,1
109,19,1
109,180,1
110,75,1
110,180,1
111,20,1
111,112,1
111,182,1
112,20,1
112,182,1
113,78,1
113,128,1
113,130,1
114,432,1
114,434,1
115,8,1
115,114,1
115,303,1
116,56,1
116,97,1
117,97,1
117,131,1
117,133,1
118,30,1
118,98,1
119,98,1
119,184,1
119,186,1
120,437,1
120,439,1
121,285,1
121,305,1
122,69,1
122,105,1
122,134,1
123,108,1
123,125,1
124,123,1
124,126,1
124,135,1
125,124,1
125,135,1
126,124,1
126,127,1
126,440,1
127,125,1
127,135,1
128,78,1
128,129,1
128,187,1
129,113,1
129,130,1
130,78,1
130,128,1
130,441,1
131,100,1
131,307,1
132,117,1
132,189,1
132,191,1
133,190,1
133,193,1
134,72,1
134,106,1
134,195,1
135,127,1
135,196,1
136,124,1
136,126,1
136,135,1
137,10,1
137,139,1
139,5,1
139,9,1
139,137,1
140,141,1
140,199,1
141,13,1
141,140,1
141,442,1
142,23,1
142,202,1
143,29,1
143,145,1
143,147,1
144,143,1
144,146,1
145,29,1
145,147,1
145,310,1
146,143,1
146,443,1
147,603,1
147,605,1
147,607,1
148,302,1
148,445,1
149,608,1
149,610,1
149,612,1
150,204,1
150,206,1
151,93,1
151,447,1
151,449,1
152,34,1
152,36,1
153,18,1
153,155,1
153,209,1
154,6,1
154,20,1
155,18,1
155,154,1
155,614,1
156,48,1
156,367,1
157,30,1
157,49,1
157,212,1
158,450,1
158,452,1
159,34,1
159,54,1
159,160,1
160,60,1
160,312,1
161,60,1
161,312,1
161,315,1
162,53,1
162,163,1
163,53,1
163,60,1
163,162,1
164,228,1
164,455,1
165,83,1
165,167,1
165,618,1
166,165,1
166,617,1
167,54,1
167,166,1
167,458,1
168,17,1
168,85,1
169,17,1
169,85,1
169,459,1
170,214,1
170,216,1
171,22,1
171,39,1
171,87,1
172,90,1
172,460,1
173,172,1
173,317,1
173,319,1
174,56,1
174,95,1
175,63,1
175,100,1
175,307,1
176,8,1
176,462,1
177,63,1
177,100,1
177,218,1
178,102,1
178,179,1
179,71,1
179,104,1
179,299,1
180,19,1
180,109,1
181,78,1
181,112,1
181,319,1
182,20,1
182,112,1
183,13,1
183,23,1
183,81,1
184,118,1
184,185,1
185,98,1
185,119,1
185,320,1
186,149,1
186,465,1
187,78,1
187,128,1
187,322,1
188,220,1
188,222,1
189,132,1
189,190,1
189,621,1
190,189,1
190,468,1
191,194,1
191,470,1
191,623,1
192,193,1
192,225,1
193,8,1
193,133,1
193,224,1
194,297,1
194,471,1
195,624,1
195,626,1
195,628,1
196,28,1
196,629,1
197,227,1
197,229,1
197,231,1
198,140,1
198,199,1
199,13,1
199,141,1
199,232,1
200,632,1
200,634,1
201,23,1
201,111,1
201,636,1
202,23,1
202,637,1
203,141,1
203,202,1
203,473,1
204,234,1
204,346,1
205,150,1
205,207,1
205,640,1
206,205,1
206,233,1
207,205,1
207,346,1
207,642,1
208,36,1
208,155,1
209,18,1
209,153,1
209,208,1
210,8,1
210,481,1
211,48,1
211,212,1
211,644,1
212,645,1
212,647,1
213,17,1
213,170,1
214,170,1
214,649,1
214,651,1
215,323,1
215,325,1
216,170,1
216,475,1
216,477,1
217,327,1
217,330,1
218,175,1
218,652,1
219,188,1
219,237,1
221,235,1
221,237,1
222,219,1
222,235,1
222,237,1
223,220,1
223,239,1
224,33,1
224,93,1
224,331,1
225,193,1
225,655,1
226,8,1
226,242,1
226,244,1
227,657,1
227,659,1
228,8,1
228,334,1
228,479,1
229,227,1
229,333,1
230,333,1
230,336,1
230,338,1
231,481,1
231,483,1
232,13,1
232,140,1
232,245,1
233,234,1
233,661,1
234,204,1
234,246,1
234,248,1
235,78,1
235,222,1
236,221,1
236,235,1
236,249,1
237,76,1
237,81,1
238,339,1
238,341,1
238,343,1
239,238,1
239,339,1
240,223,1
240,249,1
240,663,1
242,241,1
242,487,1
243,93,1
243,489,1
244,241,1
244,251,1
244,253,1
245,232,1
245,255,1
246,204,1
246,248,1
246,492,1
247,204,1
247,257,1
248,108,1
248,344,1
248,346,1
249,223,1
249,343,1
250,241,1
250,251,1
250,494,1
251,244,1
251,252,1
252,241,1
252,251,1
252,664,1
253,244,1
253,252,1
254,13,1
254,245,1
254,259,1
255,199,1
255,254,1
256,199,1
256,254,1
256,348,1
257,204,1
257,258,1
258,419,1
258,497,1
258,499,1
259,254,1
259,256,1
260,12,1
260,262,1
260,665,1
261,260,1
261,264,1
262,12,1
262,264,1
262,666,1
263,260,1
263,665,1
264,12,1
264,263,1
264,666,1
265,26,1
265,500,1
266,11,1
266,267,1
266,502,1
267,26,1
267,268,1
268,266,1
268,382,1
268,385,1
269,23,1
269,37,1
270,38,1
270,272,1
270,351,1
271,114,1
271,272,1
273,38,1
273,272,1
274,34,1
274,1120,1
274,1122,1
275,52,1
275,278,1
276,34,1
276,275,1
277,34,1
277,275,1
277,278,1
278,52,1
278,352,1
279,669,1
279,671,1
279,673,1
280,674,1
280,676,1
281,67,1
281,1123,1
281,1125,1
282,74,1
282,1127,1
283,76,1
283,1129,1
283,1131,1
284,121,1
284,305,1
285,76,1
285,284,1
285,353,1
286,284,1
286,355,1
288,81,1
288,353,1
288,357,1
290,8,1
290,504,1
291,82,1
291,292,1
291,678,1
292,290,1
292,293,1
293,82,1
293,291,1
293,358,1
294,48,1
294,367,1
295,35,1
295,91,1
295,296,1
296,91,1
296,295,1
298,63,1
298,360,1
298,362,1
299,104,1
299,179,1
301,15,1
301,508,1
301,510,1
302,210,1
302,481,1
303,21,1
303,364,1
305,28,1
305,78,1
305,679,1
306,121,1
306,285,1
307,63,1
307,100,1
307,1132,1
308,99,1
308,307,1
309,29,1
309,145,1
309,310,1
310,147,1
310,1134,1
311,18,1
311,680,1
311,682,1
313,8,1
313,683,1
314,161,1
314,313,1
315,8,1
315,685,1
315,687,1
316,405,1
316,1137,1
317,987,1
317,1047,1
317,1049,1
318,367,1
318,369,1
319,111,1
319,181,1
319,1140,1
320,118,1
320,184,1
321,78,1
321,128,1
321,322,1
322,78,1
322,321,1
324,215,1
324,514,1
324,516,1
325,323,1
325,372,1
326,215,1
326,1143,1
327,329,1
327,689,1
327,691,1
329,327,1
329,1146,1
330,217,1
330,375,1
330,377,1
331,93,1
331,517,1
332,227,1
332,379,1
332,381,1
333,338,1
333,479,1
334,228,1
334,479,1
334,1148,1
335,337,1
335,1150,1
336,479,1
336,481,1
336,1152,1
337,1153,1
337,1155,1
338,333,1
338,479,1
338,1157,1
339,238,1
339,519,1
340,692,1
340,695,1
341,521,1
341,523,1
341,525,1
342,481,1
342,885,1
343,238,1
343,249,1
343,697,1
344,527,1
344,529,1
345,63,1
345,346,1
345,837,1
346,367,1
346,369,1
347,241,1
347,251,1
347,487,1
348,232,1
348,255,1
349,268,1
349,383,1
349,385,1
350,701,1
352,34,1
352,275,1
352,278,1
353,284,1
353,386,1
354,284,1
354,286,1
354,357,1
355,286,1
355,703,1
356,286,1
356,531,1
356,533,1
357,76,1
357,81,1
358,290,1
358,678,1
358,706,1
359,307,1
359,1043,1
360,186,1
360,534,1
360,536,1
361,362,1
361,388,1
362,99,1
362,307,1
362,1160,1
363,708,1
363,710,1
364,365,1
364,391,1
365,303,1
365,390,1
365,392,1
366,98,1
366,100,1
367,30,1
367,346,1
367,369,1
368,156,1
368,367,1
369,346,1
369,368,1
369,395,1
370,367,1
370,396,1
371,325,1
371,893,1
371,1161,1
372,366,1
372,399,1
373,712,1
373,714,1
373,716,1
374,330,1
374,718,1
375,217,1
375,374,1
376,112,1
376,538,1
376,540,1
377,720,1
377,722,1
378,332,1
378,594,1
378,725,1
379,378,1
379,900,1
380,227,1
380,659,1
380,1163,1
381,854,1
381,1165,1
382,268,1
382,383,1
382,385,1
383,349,1
383,384,1
384,268,1
384,382,1
384,385,1
385,349,1
385,383,1
386,28,1
386,81,1
386,541,1
387,285,1
387,353,1
388,63,1
388,361,1
388,389,1
389,97,1
389,361,1
390,303,1
390,365,1
390,392,1
391,364,1
391,403,1
392,303,1
392,365,1
392,391,1
393,346,1
393,368,1
394,346,1
394,368,1
394,395,1
395,346,1
395,369,1
396,346,1
396,405,1
396,407,1
397,367,1
397,369,1
398,346,1
398,542,1
398,544,1
400,399,1
400,1169,1
401,375,1
401,727,1
401,729,1
402,26,1
402,545,1
403,342,1
403,1172,1
403,1174,1
404,403,1
404,409,1
405,316,1
405,398,1
405,412,1
406,396,1
406,1175,1
407,413,1
407,415,1
407,417,1
408,409,1
408,1177,1
409,410,1
409,731,1
409,733,1
410,730,1
410,732,1
411,294,1
411,397,1
411,412,1
412,368,1
412,405,1
413,548,1
413,550,1
413,552,1
414,735,1
414,737,1
415,739,1
415,741,1
415,743,1
416,367,1
416,369,1
417,744,1
417,746,1
417,748,1
418,65,1
418,419,1
419,65,1
419,418,1
419,554,1
420,94,1
420,1180,1
421,37,1
421,319,1
421,556,1
422,237,1
422,1644,1
423,77,1
423,557,1
423,559,1
424,423,1
424,557,1
425,77,1
425,424,1
425,558,1
426,512,1
426,1647,1
427,18,1
427,167,1
427,750,1
428,966,1
428,1649,1
429,33,1
429,93,1
429,95,1
430,100,1
430,751,1
431,4,1
431,75,1
431,110,1
432,435,1
432,755,1
433,114,1
433,434,1
433,756,1
434,114,1
434,433,1
435,432,1
435,755,1
435,757,1
436,1322,1
436,1652,1
437,438,1
437,759,1
438,120,1
438,439,1
438,761,1
439,438,1
439,561,1
440,108,1
440,126,1
440,762,1
441,129,1
441,1654,1
442,1656,1
442,1658,1
442,1660,1
443,143,1
443,764,1
444,29,1
444,144,1
444,603,1
445,21,1
445,27,1
446,148,1
446,563,1
446,565,1
447,331,1
447,518,1
448,151,1
448,449,1
448,767,1
449,151,1
449,1663,1
450,8,1
450,768,1
450,1183,1
451,23,1
451,158,1
452,158,1
452,1184,1
452,1186,1
453,1187,1
453,1189,1
454,8,1
454,290,1
454,479,1
455,22,1
455,28,1
456,82,1
456,1191,1
456,1193,1
457,167,1
457,1194,1
458,512,1
458,567,1
459,169,1
459,1666,1
459,1668,1
460,318,1
460,461,1
461,48,1
461,172,1
461,1196,1
462,176,1
462,569,1
463,99,1
463,462,1
463,570,1
464,465,1
464,770,1
465,186,1
465,466,1
465,827,1
466,534,1
466,1197,1
467,190,1
467,772,1
467,774,1
468,775,1
468,777,1
469,190,1
469,774,1
469,1200,1
470,194,1
470,1201,1
471,194,1
471,472,1
471,572,1
472,571,1
472,599,1
473,13,1
473,78,1
473,1204,1
475,217,1
475,574,1
476,84,1
476,427,1
476,1671,1
477,780,1
477,782,1
479,8,1
479,480,1
479,784,1
480,138,1
480,481,1
481,18,1
481,342,1
481,1672,1
482,231,1
482,1035,1
483,231,1
483,481,1
483,1673,1
484,445,1
484,1206,1
485,223,1
485,239,1
485,663,1
487,252,1
487,1675,1
488,243,1
488,490,1
488,577,1
489,243,1
489,821,1
490,33,1
490,488,1
490,821,1
491,204,1
491,1208,1
492,204,1
492,661,1
492,1211,1
493,343,1
493,1678,1
494,241,1
494,250,1
494,578,1
495,247,1
495,1680,1
496,204,1
496,499,1
496,580,1
497,1213,1
497,1215,1
498,788,1
499,496,1
499,580,1
500,11,1
500,501,1
500,1683,1
501,268,1
501,384,1
502,266,1
502,1219,1
502,1221,1
503,271,1
503,1223,1
504,7,1
504,290,1
504,505,1
505,479,1
505,1025,1
506,35,1
506,54,1
506,163,1
507,421,1
507,1686,1
508,15,1
508,301,1
508,510,1
509,107,1
509,508,1
510,107,1
510,508,1
510,581,1
511,302,1
511,1689,1
512,33,1
512,160,1
512,789,1
513,790,1
513,1691,1
514,324,1
514,717,1
514,791,1
515,513,1
515,1693,1
516,324,1
516,515,1
516,1695,1
517,151,1
517,447,1
518,93,1
518,429,1
518,517,1
519,339,1
519,792,1
520,238,1
520,519,1
520,583,1
521,522,1
521,525,1
522,341,1
522,525,1
522,798,1
523,524,1
523,794,1
524,522,1
524,796,1
524,798,1
525,524,1
525,795,1
526,344,1
526,528,1
526,799,1
527,529,1
527,1225,1
528,344,1
528,527,1
528,800,1
529,526,1
529,799,1
530,908,1
530,1227,1
530,1229,1
531,532,1
531,1231,1
533,531,1
533,1232,1
534,63,1
534,465,1
534,584,1
535,534,1
535,584,1
536,186,1
536,534,1
536,827,1
537,538,1
537,586,1
538,376,1
538,540,1
538,587,1
539,537,1
539,540,1
540,111,1
540,330,1
541,802,1
541,804,1
541,806,1
542,372,1
542,543,1
543,372,1
543,542,1
543,1236,1
544,398,1
544,543,1
545,11,1
545,402,1
545,1699,1
546,349,1
546,384,1
547,156,1
547,368,1
547,412,1
548,551,1
548,1243,1
549,413,1
549,550,1
549,588,1
550,548,1
550,551,1
551,413,1
551,550,1
551,808,1
552,588,1
552,590,1
553,63,1
553,99,1
553,1700,1
554,64,1
554,66,1
555,1702,1
555,1704,1
555,1706,1
556,28,1
556,1238,1
557,423,1
557,558,1
557,1240,1
558,82,1
558,423,1
559,423,1
559,557,1
559,1240,1
560,438,1
560,561,1
561,411,1
561,810,1
561,812,1
562,561,1
562,813,1
563,148,1
563,446,1
563,565,1
564,446,1
564,592,1
566,458,1
566,815,1
566,817,1
567,83,1
567,629,1
568,167,1
568,818,1
568,820,1
569,570,1
570,176,1
570,482,1
570,597,1
572,471,1
572,598,1
574,475,1
574,1707,1
574,1709,1
575,216,1
575,1710,1
576,243,1
576,489,1
576,577,1
577,94,1
577,821,1
578,241,1
578,250,1
578,494,1
579,258,1
579,499,1
580,642,1
580,1712,1
581,107,1
581,508,1
581,510,1
582,823,1
582,826,1
583,223,1
583,339,1
584,186,1
584,1715,1
584,1717,1
585,465,1
585,536,1
586,537,1
586,587,1
586,601,1
587,586,1
587,601,1
588,590,1
588,1242,1
588,1244,1
589,588,1
589,1242,1
590,588,1
590,1242,1
590,1245,1
591,590,1
591,1243,1
592,18,1
592,446,1
592,828,1
593,563,1
593,829,1
594,176,1
594,481,1
594,1673,1
597,99,1
597,570,1
598,470,1
598,572,1
598,1718,1
599,472,1
599,572,1
600,556,1
600,602,1
600,833,1
601,602,1
601,832,1
602,586,1
602,831,1
602,833,1
603,147,1
603,605,1
604,145,1
604,603,1
604,1719,1
605,603,1
605,607,1
606,143,1
606,603,1
606,2550,1
607,603,1
607,606,1
608,5,1
608,481,1
608,1247,1
609,480,1
609,608,1
610,149,1
610,1249,1
610,1251,1
612,5,1
612,445,1
612,837,1
613,154,1
613,614,1
614,154,1
614,613,1
614,839,1
615,48,1
615,840,1
616,35,1
616,61,1
617,18,1
617,166,1
617,618,1
618,166,1
618,1252,1
619,165,1
619,842,1
619,844,1
620,190,1
620,778,1
621,189,1
621,1012,1
622,194,1
622,774,1
622,1720,1
623,469,1
623,845,1
624,33,1
624,626,1
624,848,1
625,331,1
625,848,1
626,93,1
626,847,1
627,33,1
627,331,1
627,848,1
628,517,1
628,848,1
629,4,1
629,567,1
629,1723,1
630,7,1
630,196,1
631,200,1
631,633,1
631,635,1
632,82,1
632,200,1
633,200,1
633,632,1
633,635,1
634,631,1
634,633,1
635,200,1
635,633,1
635,1255,1
636,302,1
636,850,1
637,142,1
637,638,1
637,853,1
638,202,1
638,852,1
639,150,1
639,640,1
639,856,1
640,205,1
640,639,1
641,206,1
641,866,1
642,207,1
642,1258,1
642,1260,1
643,644,1
643,858,1
644,211,1
644,857,1
644,1724,1
647,645,1
647,1261,1
648,212,1
648,1347,1
648,1725,1
649,650,1
649,1726,1
650,214,1
650,1726,1
650,1728,1
651,649,1
651,861,1
652,100,1
652,752,1
652,1730,1
654,656,1
654,1268,1
655,192,1
655,1264,1
655,1266,1
656,1267,1
656,1269,1
657,227,1
657,863,1
658,227,1
658,1732,1
658,1734,1
659,380,1
659,1163,1
660,227,1
660,1736,1
660,1738,1
661,492,1
661,866,1
662,661,1
662,868,1
662,870,1
663,239,1
663,485,1
664,251,1
664,494,1
664,1739,1
665,262,1
665,264,1
666,12,1
666,262,1
666,665,1
668,8,1
668,672,1
669,100,1
669,279,1
670,279,1
670,671,1
670,971,1
671,669,1
671,871,1
672,668,1
672,1271,1
672,1741,1
673,99,1
673,1271,1
674,280,1
674,675,1
674,1511,1
675,674,1
675,1273,1
677,280,1
677,1273,1
677,1275,1
678,292,1
678,358,1
679,76,1
679,285,1
679,1743,1
680,152,1
681,18,1
681,955,1
681,1277,1
682,36,1
682,311,1
683,8,1
683,1279,1
683,1281,1
685,315,1
685,1282,1
686,161,1
686,452,1
686,1745,1
687,315,1
687,719,1
688,689,1
688,2423,1
689,517,1
689,690,1
690,329,1
690,689,1
690,1747,1
691,1559,1
692,304,1
692,873,1
692,875,1
694,340,1
694,1286,1
695,114,1
695,698,1
695,1289,1
696,481,1
696,1158,1
697,343,1
697,1291,1
697,1293,1
698,114,1
698,877,1
699,1294,1
699,1296,1
699,1298,1
701,1299,1
701,1301,1
702,879,1
702,881,1
702,883,1
703,696,1
703,885,1
704,355,1
704,1303,1
704,1305,1
705,292,1
705,678,1
706,290,1
706,293,1
706,678,1
708,707,1
708,710,1
709,363,1
709,710,1
709,888,1
710,708,1
710,887,1
712,373,1
712,714,1
712,1748,1
713,373,1
713,714,1
714,373,1
714,715,1
714,1306,1
715,889,1
715,891,1
716,768,1
716,1308,1
717,514,1
717,894,1
717,896,1
718,377,1
718,722,1
719,8,1
719,943,1
719,1031,1
720,377,1
720,721,1
721,330,1
721,720,1
721,723,1
722,377,1
722,721,1
723,330,1
723,720,1
723,722,1
724,336,1
724,898,1
725,480,1
725,900,1
725,902,1
726,729,1
726,1354,1
727,401,1
727,1750,1
727,1752,1
728,726,1
728,903,1
729,401,1
729,728,1
729,904,1
730,410,1
730,2566,1
731,730,1
731,1178,1
731,1313,1
732,731,1
732,1312,1
733,408,1
733,410,1
733,1177,1
734,735,1
734,738,1
735,414,1
735,736,1
735,1314,1
736,734,1
736,738,1
737,414,1
737,735,1
737,1314,1
738,736,1
738,1551,1
739,415,1
739,741,1
739,743,1
740,739,1
740,1754,1
741,740,1
741,907,1
741,909,1
742,739,1
742,743,1
743,398,1
743,739,1
743,1756,1
744,746,1
744,910,1
745,417,1
745,747,1
746,417,1
746,745,1
746,913,1
747,1004,1
747,1053,1
748,910,1
748,1006,1
748,1757,1
749,165,1
749,427,1
750,84,1
750,749,1
750,1317,1
751,307,1
751,752,1
752,18,1
752,100,1
752,430,1
753,434,1
754,648,1
754,1508,1
755,435,1
755,916,1
756,432,1
756,435,1
756,916,1
757,754,1
757,915,1
758,810,1
759,940,1
759,1319,1
759,1321,1
760,161,1
760,1758,1
761,438,1
761,1760,1
761,1762,1
762,124,1
762,440,1
763,29,1
763,443,1
763,765,1
764,143,1
764,443,1
765,29,1
765,443,1
765,764,1
766,331,1
766,848,1
767,151,1
767,1322,1
767,1324,1
768,1183,1
768,1326,1
769,186,1
769,770,1
770,186,1
770,465,1
770,771,1
771,464,1
771,770,1
772,189,1
772,469,1
773,190,1
773,921,1
773,923,1
774,920,1
774,1764,1
775,191,1
775,468,1
775,777,1
776,468,1
776,775,1
777,775,1
777,925,1
778,191,1
778,776,1
778,1766,1
779,1329,1
779,1332,1
780,477,1
780,783,1
781,216,1
781,780,1
781,1333,1
783,216,1
783,781,1
783,1333,1
784,164,1
784,479,1
785,342,1
785,1425,1
786,1767,1
786,1769,1
786,1771,1
788,928,1
788,930,1
791,514,1
791,881,1
791,1773,1
792,794,1
792,1774,1
793,797,1
793,934,1
793,1777,1
794,525,1
794,798,1
795,523,1
795,933,1
795,935,1
796,794,1
796,798,1
797,524,1
797,934,1
797,936,1
798,524,1
798,796,1
799,344,1
799,527,1
799,801,1
800,526,1
800,528,1
801,346,1
801,1779,1
801,1781,1
802,803,1
802,806,1
803,541,1
803,805,1
803,938,1
804,1334,1
804,1336,1
805,541,1
805,803,1
805,1782,1
806,802,1
806,805,1
807,413,1
807,550,1
807,808,1
808,413,1
808,551,1
809,305,1
809,1783,1
809,1785,1
810,758,1
810,940,1
811,76,1
811,286,1
811,354,1
812,560,1
812,813,1
813,679,1
814,439,1
814,761,1
815,18,1
815,817,1
816,458,1
816,566,1
816,942,1
817,942,1
817,1383,1
818,165,1
818,458,1
818,617,1
819,687,1
819,820,1
820,167,1
820,819,1
820,1792,1
821,94,1
821,489,1
822,94,1
822,489,1
822,821,1
825,582,1
827,465,1
827,534,1
828,148,1
828,1921,1
829,210,1
829,565,1
829,830,1
831,601,1
831,832,1
832,600,1
832,602,1
832,833,1
833,601,1
833,831,1
834,29,1
834,603,1
834,605,1
835,606,1
836,612,1
836,945,1
836,947,1
837,98,1
838,36,1
838,155,1
838,614,1
839,614,1
839,949,1
840,30,1
840,368,1
840,951,1
841,156,1
841,615,1
842,619,1
842,953,1
843,955,1
843,958,1
844,166,1
844,619,1
844,2421,1
845,470,1
845,1793,1
846,191,1
846,470,1
846,845,1
847,56,1
847,624,1
848,93,1
848,429,1
848,766,1
849,1795,1
849,1797,1
850,636,1
850,1796,1
851,302,1
851,960,1
851,962,1
852,202,1
852,637,1
853,176,1
853,1800,1
853,1802,1
854,202,1
854,1939,1
855,150,1
855,639,1
855,856,1
856,205,1
856,639,1
857,211,1
857,644,1
858,211,1
858,859,1
858,1803,1
859,644,1
859,1724,1
860,651,1
860,964,1
860,966,1
861,968,1
862,18,1
862,952,1
862,1040,1
863,864,1
863,1342,1
864,657,1
864,1343,1
864,1805,1
867,482,1
867,2601,1
868,866,1
868,870,1
869,662,1
869,868,1
869,1807,1
870,866,1
870,1345,1
871,279,1
871,670,1
871,673,1
872,389,1
872,671,1
873,340,1
873,692,1
873,972,1
874,648,1
874,972,1
875,302,1
875,1349,1
876,698,1
876,878,1
877,22,1
877,86,1
877,1810,1
878,114,1
878,753,1
879,973,1
879,975,1
879,977,1
880,976,1
880,979,1
881,976,1
881,979,1
882,974,1
882,1812,1
882,1814,1
883,975,1
883,1816,1
884,28,1
884,78,1
884,2604,1
885,481,1
885,1158,1
886,703,1
887,363,1
887,709,1
887,888,1
888,708,1
888,710,1
889,717,1
889,1201,1
889,1818,1
890,981,1
890,983,1
891,889,1
891,985,1
891,987,1
892,981,1
892,1045,1
893,371,1
893,894,1
893,1353,1
894,893,1
894,1352,1
895,717,1
895,894,1
895,1353,1
896,988,1
896,990,1
897,724,1
897,1821,1
897,1823,1
898,993,1
898,995,1
899,1299,1
899,1824,1
900,480,1
901,725,1
901,997,1
902,337,1
902,785,1
902,1466,1
903,726,1
903,904,1
904,894,1
904,1354,1
904,1356,1
906,741,1
906,1000,1
906,1002,1
907,1225,1
907,1358,1
908,346,1
908,741,1
909,530,1
909,741,1
909,1360,1
910,1003,1
910,1005,1
911,747,1
911,1005,1
911,1757,1
912,744,1
912,913,1
913,368,1
913,1362,1
914,97,1
914,751,1
915,435,1
915,755,1
916,435,1
916,756,1
917,22,1
917,78,1
917,1365,1
918,124,1
918,440,1
919,93,1
919,448,1
919,766,1
920,191,1
920,772,1
921,190,1
921,773,1
921,1010,1
922,1011,1
922,1013,1
923,190,1
923,1367,1
923,1369,1
924,925,1
924,2620,1
925,1015,1
925,1017,1
926,470,1
926,572,1
927,788,1
927,931,1
927,1020,1
928,788,1
928,1372,1
929,429,1
929,788,1
930,27,1
930,927,1
930,1020,1
931,930,1
931,1373,1
932,524,1
932,797,1
932,1776,1
933,794,1
933,2003,1
934,932,1
934,1021,1
935,797,1
935,1021,1
935,1376,1
936,934,1
936,1378,1
937,794,1
937,798,1
937,1381,1
938,1023,1
938,1025,1
939,78,1
939,82,1
939,758,1
940,1027,1
940,1029,1
941,1827,1
941,1829,1
942,512,1
942,1382,1
942,1384,1
943,1030,1
943,1032,1
944,612,1
944,945,1
944,1034,1
945,836,1
945,946,1
946,612,1
946,944,1
946,1034,1
947,836,1
947,1035,1
948,1831,1
948,1833,1
948,1835,1
949,1837,1
949,1839,1
950,61,1
951,346,1
951,840,1
951,1038,1
952,966,1
952,1841,1
953,314,1
953,1385,1
953,1387,1
954,166,1
955,167,1
955,959,1
955,1040,1
956,843,1
956,958,1
958,843,1
958,956,1
959,843,1
959,956,1
959,1388,1
960,2629,1
960,2631,1
961,1390,1
961,1392,1
962,851,1
962,994,1
962,1844,1
963,1759,1
963,1846,1
964,18,1
965,167,1
965,966,1
965,1041,1
966,1040,1
966,1848,1
968,84,1
968,427,1
968,1395,1
969,1093,1
969,1397,1
971,359,1
971,670,1
971,1043,1
972,532,1
972,1850,1
973,881,1
973,976,1
973,2059,1
974,976,1
974,1400,1
975,1044,1
975,1812,1
975,1852,1
976,880,1
976,2646,1
977,2059,1
978,880,1
978,976,1
979,880,1
979,976,1
979,1044,1
980,976,1
980,979,1
981,889,1
981,982,1
981,1854,1
982,983,1
982,1403,1
983,317,1
983,1326,1
983,1856,1
985,890,1
985,1854,1
986,889,1
986,892,1
986,1045,1
987,1046,1
987,1048,1
988,717,1
988,989,1
988,991,1
989,988,1
989,991,1
990,896,1
990,989,1
990,1050,1
991,988,1
991,990,1
993,303,1
993,1407,1
994,302,1
994,899,1
994,1051,1
995,303,1
995,1410,1
996,725,1
996,997,1
996,1052,1
997,996,1
997,1052,1
998,901,1
998,997,1
998,1412,1
999,906,1
999,1858,1
1000,906,1
1000,1860,1
1002,906,1
1003,910,1
1003,1005,1
1003,1053,1
1004,910,1
1004,1005,1
1005,747,1
1005,1003,1
1005,1053,1
1006,910,1
1006,1004,1
1007,1864,1
1007,1866,1
1007,1868,1
1008,194,1
1008,1765,1
1009,1013,1
1009,1055,1
1009,1057,1
1010,1368,1
1010,1415,1
1011,1012,1
1011,1870,1
1012,772,1
1012,1011,1
1012,1416,1
1013,1054,1
1013,1896,1
1014,1012,1
1014,1059,1
1015,151,1
1015,469,1
1015,1765,1
1016,925,1
1016,1017,1
1017,845,1
1017,1015,1
1018,925,1
1018,1873,1
1018,1875,1
1019,1062,1
1019,1064,1
1020,927,1
1020,1877,1
1020,1879,1
1021,935,1
1021,1375,1
1023,938,1
1023,1881,1
1023,1883,1
1026,1024,1
1026,1884,1
1027,940,1
1027,1029,1
1027,1419,1
1028,1027,1
1028,1418,1
1029,940,1
1029,1028,1
1029,1419,1
1030,719,1
1030,1031,1
1031,719,1
1031,1030,1
1031,1033,1
1032,943,1
1032,1031,1
1033,719,1
1033,1030,1
1033,1032,1
1034,836,1
1034,945,1
1035,18,1
1035,98,1
1035,1066,1
1036,836,1
1036,945,1
1037,547,1
1037,1038,1
1037,1888,1
1038,840,1
1038,1361,1
1039,54,1
1039,955,1
1040,458,1
1040,965,1
1041,165,1
1041,965,1
1041,1891,1
1042,670,1
1042,1420,1
1043,307,1
1043,971,1
1043,1893,1
1044,976,1
1044,1894,1
1045,889,1
1045,986,1
1045,1068,1
1046,987,1
1046,1048,1
1047,317,1
1047,1046,1
1047,1049,1
1048,987,1
1048,1047,1
1049,317,1
1049,1046,1
1049,1048,1
1050,952,1
1051,302,1
1051,1422,1
1051,1424,1
1052,997,1
1052,1412,1
1053,747,1
1053,1004,1
1053,1006,1
1054,1009,1
1054,1871,1
1055,1009,1
1055,1871,1
1055,1898,1
1056,1009,1
1056,1427,1
1057,189,1
1057,773,1
1057,1899,1
1058,1072,1
1058,1074,1
1059,1014,1
1059,1900,1
1059,1902,1
1060,621,1
1060,1012,1
1061,1065,1
1061,2661,1
1062,1063,1
1062,1077,1
1063,1089,1
1063,1097,1
1063,1903,1
1064,930,1
1064,1429,1
1065,927,1
1065,1090,1
1066,482,1
1066,1079,1
1066,1081,1
1067,891,1
1067,985,1
1068,317,1
1071,1082,1
1071,1084,1
1072,1058,1
1072,1074,1
1072,1431,1
1073,1074,1
1074,1072,1
1074,1075,1
1075,1058,1
1075,1074,1
1075,1088,1
1076,1063,1
1076,1090,1
1077,1078,1
1077,1433,1
1077,2437,1
1078,1432,1
1078,1434,1
1079,8,1
1079,99,1
1079,1246,1
1080,1066,1
1080,1081,1
1081,482,1
1081,1079,1
1081,1092,1
1082,1071,1
1082,1085,1
1083,819,1
1083,1082,1
1083,1396,1
1084,1436,1
1084,1438,1
1085,1082,1
1085,1907,1
1086,1074,1
1087,1072,1
1087,1094,1
1088,2454,1
1089,1096,1
1089,1098,1
1090,931,1
1090,1065,1
1090,1909,1
1091,312,1
1091,1101,1
1093,819,1
1093,1103,1
1093,1105,1
1094,1440,1
1094,1442,1
1095,1106,1
1095,1108,1
1095,1110,1
1096,1098,1
1096,1910,1
1097,1063,1
1097,1090,1
1097,1444,1
1098,1089,1
1098,1111,1
1099,1096,1
1099,1911,1
1100,1101,1
1100,1113,1
1101,541,1
1101,1113,1
1101,1914,1
1102,1101,1
1102,1913,1
1103,819,1
1103,1104,1
1103,2683,1
1105,1093,1
1105,1104,1
1106,1107,1
1106,1115,1
1107,1095,1
1108,1095,1
1108,1107,1
1108,1110,1
1109,1106,1
1109,1108,1
1110,1095,1
1110,1107,1
1110,1445,1
1112,1448,1
1113,1916,1
1113,1918,1
1114,1916,1
1114,1918,1
1116,1106,1
1116,1449,1
1116,1451,1
1118,1455,1
1120,34,1
1120,274,1
1121,51,1
1121,274,1
1123,98,1
1123,279,1
1124,100,1
1124,1123,1
1126,282,1
1126,1457,1
1127,56,1
1127,331,1
1128,77,1
1128,1457,1
1128,1922,1
1129,285,1
1129,1460,1
1130,76,1
1130,1131,1
1130,1460,1
1131,1129,1
1131,1459,1
1132,67,1
1132,281,1
1132,1923,1
1133,3355,1
1134,145,1
1134,1135,1
1135,145,1
1135,310,1
1135,1134,1
1136,550,1
1137,346,1
1137,1138,1
1138,97,1
1138,346,1
1139,1926,1
1140,319,1
1140,1925,1
1141,21,1
1141,78,1
1141,1927,1
1142,1462,1
1142,2448,1
1143,326,1
1143,1461,1
1143,1463,1
1145,326,1
1145,1928,1
1146,217,1
1146,329,1
1146,1464,1
1147,329,1
1147,690,1
1148,231,1
1148,481,1
1149,335,1
1149,899,1
1149,1930,1
1150,1931,1
1150,1933,1
1151,337,1
1151,902,1
1151,1466,1
1152,337,1
1152,481,1
1153,337,1
1153,785,1
1154,337,1
1154,481,1
1154,1468,1
1155,403,1
1155,1425,1
1156,902,1
1156,1470,1
1157,336,1
1157,338,1
1157,1156,1
1158,479,1
1158,696,1
1159,359,1
1159,1472,1
1159,1474,1
1160,361,1
1161,1935,1
1161,1938,1
1162,479,1
1162,1939,1
1163,227,1
1163,658,1
1163,1735,1
1164,303,1
1164,2600,1
1165,2721,1
1167,298,1
1167,388,1
1169,216,1
1169,400,1
1170,400,1
1171,403,1
1171,1173,1
1171,1475,1
1172,784,1
1172,1173,1
1173,403,1
1173,1171,1
1173,1174,1
1174,1171,1
1174,1173,1
1175,396,1
1175,406,1
1176,2746,1
1177,408,1
1177,730,1
1178,404,1
1178,732,1
1179,416,1
1180,94,1
1180,420,1
1181,33,1
1181,151,1
1181,1477,1
1182,450,1
1182,1283,1
1183,315,1
1183,768,1
1183,1325,1
1184,452,1
1184,768,1
1185,452,1
1185,1942,1
1185,1944,1
1186,1182,1
1186,1283,1
1187,453,1
1187,1190,1
1188,158,1
1188,1190,1
1188,2723,1
1189,1261,1
1189,1946,1
1190,158,1
1190,1188,1
1190,1479,1
1191,454,1
1191,1192,1
1192,454,1
1192,1191,1
1192,1480,1
1193,456,1
1193,1192,1
1194,165,1
1194,457,1
1194,1481,1
1196,49,1
1196,158,1
1197,466,1
1197,1198,1
1197,1949,1
1198,118,1
1198,466,1
1199,133,1
1199,622,1
1199,1483,1
1201,93,1
1201,429,1
1202,1485,1
1202,1487,1
1203,471,1
1203,571,1
1204,23,1
1204,1489,1
1204,1491,1
1205,594,1
1205,1673,1
1206,484,1
1206,1673,1
1207,481,1
1207,1206,1
1207,1950,1
1208,246,1
1209,204,1
1209,1124,1
1210,204,1
1210,492,1
1211,204,1
1211,1210,1
1211,1493,1
1212,1214,1
1212,2727,1
1213,1593,1
1213,1952,1
1214,497,1
1215,497,1
1215,1494,1
1215,1496,1
1217,496,1
1217,1712,1
1218,502,1
1219,878,1
1219,1498,1
1220,1501,1
1220,1503,1
1221,6,1
1221,1501,1
1222,1223,1
1222,1954,1
1223,648,1
1223,1954,1
1223,1956,1
1224,754,1
1224,1957,1
1225,415,1
1225,909,1
1226,527,1
1227,530,1
1227,1959,1
1227,1961,1
1228,2738,1
1229,741,1
1229,1506,1
1231,531,1
1232,532,1
1232,1233,1
1233,531,1
1233,533,1
1233,1962,1
1234,586,1
1234,1508,1
1236,294,1
1236,1510,1
1236,1512,1
1237,48,1
1237,1363,1
1238,2470,1
1239,111,1
1239,556,1
1239,1514,1
1240,425,1
1240,559,1
1241,449,1
1241,1963,1
1242,588,1
1242,1243,1
1242,1245,1
1243,590,1
1243,1244,1
1244,588,1
1244,1242,1
1244,1245,1
1245,413,1
1245,1243,1
1246,21,1
1246,99,1
1247,608,1
1247,1965,1
1247,1967,1
1249,610,1
1249,1250,1
1249,1516,1
1250,837,1
1251,610,1
1251,1250,1
1251,1969,1
1252,618,1
1252,1517,1
1253,618,1
1253,1517,1
1253,1970,1
1254,190,1
1254,469,1
1255,21,1
1255,631,1
1255,1520,1
1256,205,1
1256,640,1
1257,1259,1
1257,2755,1
1259,642,1
1259,1712,1
1260,1257,1
1260,1521,1
1261,212,1
1261,647,1
1261,1958,1
1262,646,1
1262,1261,1
1263,192,1
1263,225,1
1263,1264,1
1264,655,1
1264,1265,1
1265,192,1
1265,224,1
1265,1971,1
1266,655,1
1266,1264,1
1267,654,1
1267,1268,1
1267,1270,1
1268,656,1
1268,1523,1
1269,656,1
1269,1268,1
1269,1526,1
1270,656,1
1270,1268,1
1271,307,1
1271,669,1
1272,279,1
1272,673,1
1273,674,1
1273,1274,1
1274,675,1
1274,677,1
1274,1527,1
1275,676,1
1275,1274,1
1276,681,1
1276,1388,1
1277,681,1
1277,1973,1
1278,152,1
1278,680,1
1278,1529,1
1281,137,1
1281,504,1
1282,315,1
1282,687,1
1282,943,1
1283,450,1
1283,1182,1
1284,217,1
1284,688,1
1284,1146,1
1285,1286,1
1285,1531,1
1286,1530,1
1286,1532,1
1287,754,1
1287,1531,1
1288,114,1
1288,695,1
1288,1975,1
1289,270,1
1289,3439,1
1290,697,1
1290,1293,1
1290,1535,1
1291,1290,1
1291,1293,1
1292,1377,1
1292,1538,1
1293,1292,1
1293,1535,1
1294,699,1
1294,1296,1
1294,2761,1
1295,1294,1
1295,1297,1
1296,1294,1
1296,1297,1
1297,1294,1
1297,1296,1
1298,1540,1
1298,1542,1
1299,899,1
1299,1545,1
1299,3417,1
1300,1299,1
1300,1545,1
1301,701,1
1301,1299,1
1301,1302,1
1302,899,1
1302,1301,1
1303,704,1
1303,1304,1
1304,355,1
1304,1303,1
1304,2385,1
1305,1303,1
1306,215,1
1306,2450,1
1307,1547,1
1307,1549,1
1308,215,1
1308,716,1
1309,717,1
1309,1186,1
1311,726,1
1311,729,1
1312,730,1
1312,732,1
1312,1313,1
1313,410,1
1313,732,1
1314,414,1
1314,738,1
1314,1552,1
1315,736,1
1315,1551,1
1316,84,1
1316,427,1
1317,84,1
1317,750,1
1318,759,1
1318,1320,1
1318,1553,1
1319,1318,1
1319,1321,1
1320,759,1
1320,1319,1
1320,2768,1
1321,1318,1
1322,151,1
1322,449,1
1322,1651,1
1323,1322,1
1323,1873,1
1324,1322,1
1325,768,1
1325,1327,1
1326,450,1
1327,768,1
1327,1325,1
1328,1079,1
1328,1330,1
1328,2772,1
1329,1079,1
1329,1330,1
1330,482,1
1330,1328,1
1332,1328,1
1332,1554,1
1332,1556,1
1333,477,1
1333,781,1
1334,804,1
1334,1336,1
1334,1557,1
1335,1334,1
1335,1337,1
1336,804,1
1336,1335,1
1336,1557,1
1337,1334,1
1337,1336,1
1338,458,1
1338,815,1
1338,817,1
1341,864,1
1343,1342,1
1343,5942,1
1344,870,1
1344,1346,1
1345,2779,1
1346,662,1
1346,869,1
1347,648,1
1347,1508,1
1347,2398,1
1348,1349,1
1349,1348,1
1350,342,1
1350,1576,1
1352,893,1
1352,895,1
1353,717,1
1353,894,1
1353,1352,1
1354,903,1
1355,904,1
1355,1559,1
1355,1561,1
1356,903,1
1356,1354,1
1357,1359,1
1357,2404,1
1358,1359,1
1358,2404,1
1359,1358,1
1359,2405,1
1360,741,1
1360,909,1
1362,367,1
1362,615,1
1363,30,1
1363,49,1
1364,22,1
1364,111,1
1364,915,1
1365,1562,1
1365,1564,1
1366,190,1
1366,1367,1
1367,190,1
1367,1366,1
1368,190,1
1368,1010,1
1368,2409,1
1369,923,1
1369,1368,1
1370,928,1
1370,2491,1
1372,928,1
1372,1566,1
1373,927,1
1373,931,1
1373,1374,1
1374,931,1
1375,935,1
1375,1022,1
1376,934,1
1376,1021,1
1376,1375,1
1377,934,1
1377,1378,1
1378,524,1
1378,936,1
1378,1379,1
1379,936,1
1379,1378,1
1380,796,1
1380,937,1
1381,794,1
1381,798,1
1382,817,1
1382,1383,1
1383,512,1
1383,942,1
1383,1790,1
1384,789,1
1384,942,1
1385,619,1
1385,1386,1
1386,166,1
1386,2420,1
1387,844,1
1387,1386,1
1388,18,1
1388,1964,1
1389,1390,1
1389,2631,1
1390,1389,1
1391,961,1
1391,1843,1
1391,2425,1
1392,962,1
1392,1843,1
1393,960,1
1393,1390,1
1394,31,1
1394,968,1
1395,167,1
1395,968,1
1396,1083,1
1396,1103,1
1397,1071,1
1397,1083,1
1397,1572,1
1399,881,1
1399,975,1
1399,1044,1
1400,1894,1
1400,2062,1
1401,973,1
1401,980,1
1402,1307,1
1402,1548,1
1403,1857,1
1404,1548,1
1404,1617,1
1405,988,1
1405,990,1
1406,993,1
1407,511,1
1408,429,1
1408,1241,1
1409,995,1
1409,1575,1
1410,1573,1
1410,1575,1
1411,898,1
1411,1575,1
1412,901,1
1412,998,1
1413,190,1
1413,1011,1
1415,190,1
1415,1368,1
1416,1013,1
1416,1055,1
1416,1057,1
1418,1027,1
1418,1029,1
1419,28,1
1419,421,1
1420,971,1
1420,1421,1
1421,1042,1
1422,1051,1
1422,1424,1
1422,2815,1
1423,994,1
1423,1422,1
1424,1051,1
1424,2433,1
1425,481,1
1425,1154,1
1426,921,1
1426,1056,1
1427,190,1
1427,1056,1
1428,921,1
1429,927,1
1429,1430,1
1429,1758,1
1432,9,1
1432,1433,1
1432,2435,1
1433,1432,1
1434,1078,1
1434,3391,1
1435,1433,1
1435,1591,1
1436,22,1
1436,1084,1
1437,1436,1
1437,1580,1
1438,1436,1
1438,1580,1
1440,1087,1
1440,1441,1
1440,2825,1
1441,1440,1
1442,1094,1
1442,1441,1
1443,1094,1
1444,927,1
1444,1090,1
1444,1429,1
1446,1448,1
1448,1446,1
1449,1116,1
1449,1763,1
1450,1106,1
1450,1116,1
1451,1106,1
1451,1116,1
1453,2443,1
1457,1128,1
1457,3993,1
1458,1126,1
1458,1457,1
1459,1131,1
1459,1582,1
1460,1131,1
1460,1582,1
1460,3065,1
1461,1143,1
1461,2448,1
1462,1142,1
1462,1461,1
1463,215,1
1463,1142,1
1464,217,1
1464,329,1
1464,1146,1
1465,481,1
1465,902,1
1466,481,1
1466,902,1
1466,1584,1
1467,479,1
1468,337,1
1468,1154,1
1469,1586,1
1469,1588,1
1470,337,1
1470,1156,1
1471,336,1
1471,785,1
1472,63,1
1472,359,1
1473,1043,1
1473,1472,1
1474,2847,1
1475,1171,1
1475,1173,1
1476,56,1
1476,95,1
1477,94,1
1477,1181,1
1478,158,1
1478,1190,1
1479,317,1
1479,768,1
1480,456,1
1480,1192,1
1481,165,1
1481,457,1
1481,1194,1
1482,1764,1
1483,1199,1
1484,429,1
1484,1241,1
1485,1486,1
1485,1488,1
1486,1202,1
1486,1487,1
1486,2456,1
1487,1202,1
1487,1486,1
1488,1202,1
1488,1486,1
1488,2456,1
1489,23,1
1489,1204,1
1490,23,1
1491,20,1
1492,1211,1
1492,1712,1
1493,491,1
1493,1208,1
1494,6,1
1494,1952,1
1495,1591,1
1495,1593,1
1496,1215,1
1496,1593,1
1498,1499,1
1498,2856,1
1498,2858,1
1499,2547,1
1500,1220,1
1500,1502,1
1501,1220,1
1501,1503,1
1501,2463,1
1502,1500,1
1502,1504,1
1503,1220,1
1503,1501,1
1503,2463,1
1504,1500,1
1504,1502,1
1505,1229,1
1506,1229,1
1507,530,1
1507,2568,1
1508,754,1
1508,1725,1
1509,432,1
1509,756,1
1510,543,1
1510,1511,1
1511,294,1
1511,3411,1
1512,543,1
1512,1510,1
1513,1239,1
1513,2470,1
1514,556,1
1514,2472,1
1516,1595,1
1516,1597,1
1516,1599,1
1517,1252,1
1517,1518,1
1518,1252,1
1518,2861,1
1519,1255,1
1521,1257,1
1522,150,1
1523,656,1
1523,1268,1
1523,1524,1
1524,1267,1
1524,1269,1
1525,1601,1
1525,1603,1
1525,1605,1
1526,1269,1
1527,280,1
1527,677,1
1527,1275,1
1528,1529,1
1529,458,1
1529,1528,1
1530,1285,1
1530,1532,1
1531,1286,1
1532,435,1
1532,1530,1
1533,1286,1
1534,1292,1
1534,1535,1
1534,1607,1
1535,1293,1
1535,1606,1
1536,238,1
1536,343,1
1537,1609,1
1537,1611,1
1538,223,1
1538,239,1
1538,663,1
1540,1296,1
1540,1541,1
1541,699,1
1541,1540,1
1541,1543,1
1542,1298,1
1542,1541,1
1543,1298,1
1543,1541,1
1544,1299,1
1544,1545,1
1545,899,1
1545,1300,1
1546,701,1
1546,1300,1
1546,1614,1
1547,1402,1
1547,2482,1
1548,1307,1
1548,1547,1
1549,983,1
1549,1856,1
1550,1548,1
1550,1616,1
1551,735,1
1551,1314,1
1552,1314,1
1553,759,1
1553,1320,1
1554,1329,1
1554,1555,1
1555,99,1
1556,1328,1
1556,1332,1
1557,1024,1
1557,1335,1
1557,1337,1
1559,691,1
1559,1560,1
1560,1355,1
1560,1561,1
1561,691,1
1561,1559,1
1562,648,1
1562,1954,1
1563,435,1
1563,1365,1
1564,432,1
1564,1365,1
1564,1565,1
1565,1365,1
1565,1563,1
1566,788,1
1566,1567,1
1567,929,1
1567,1566,1
1567,3585,1
1568,1386,1
1570,1618,1
1570,1620,1
1570,1622,1
1571,1624,1
1571,4022,1
1572,1623,1
1572,1625,1
1573,995,1
1573,1574,1
1573,1576,1
1575,303,1
1575,1409,1
1576,899,1
1576,1825,1
1577,1426,1
1578,1427,1
1578,1628,1
1579,1630,1
1579,1632,1
1579,1634,1
1580,1437,1
1581,1084,1
1581,1437,1
1581,2113,1
1582,1459,1
1582,1583,1
1583,1459,1
1583,1582,1
1584,337,1
1584,885,1
1584,1466,1
1585,1586,1
1585,1635,1
1586,1469,1
1586,1587,1
1586,1635,1
1587,1585,1
1587,1588,1
1588,1469,1
1588,1586,1
1588,3429,1
1589,1586,1
1589,1588,1
1590,1495,1
1590,1594,1
1591,1435,1
1591,1592,1
1592,1590,1
1593,1213,1
1593,1951,1
1594,1590,1
1595,1516,1
1595,1597,1
1595,1599,1
1596,1597,1
1596,1636,1
1597,1596,1
1597,1636,1
1597,1638,1
1598,1596,1
1598,1599,1
1599,1595,1
1599,3433,1
1601,1525,1
1601,1603,1
1601,1605,1
1602,1408,1
1603,1525,1
1603,1602,1
1603,1605,1
1604,1602,1
1605,1525,1
1605,1602,1
1605,1604,1
1606,1293,1
1606,1535,1
1607,1292,1
1607,1534,1
1607,1606,1
1608,1610,1
1608,1612,1
1609,1537,1
1609,1610,1
1609,1612,1
1610,1608,1
1610,1611,1
1611,1537,1
1611,1610,1
1611,1639,1
1612,1609,1
1612,1611,1
1614,701,1
1614,1301,1
1614,1546,1
1615,1550,1
1615,1617,1
1616,1307,1
1616,1548,1
1616,1615,1
1617,2496,1
1618,1619,1
1618,1621,1
1619,1570,1
1619,1620,1
1619,1622,1
1620,1618,1
1620,1621,1
1621,1570,1
1621,1619,1
1621,1622,1
1622,1619,1
1622,1621,1
1623,1572,1
1624,1571,1
1624,1623,1
1624,1626,1
1625,1572,1
1625,1624,1
1626,1398,1
1626,1623,1
1627,1640,1
1627,1643,1
1628,243,1
1629,190,1
1629,1366,1
1631,1633,1
1631,2507,1
1632,1631,1
1632,2506,1
1632,2508,1
1633,1632,1
1633,2507,1
1634,1631,1
1634,2507,1
1635,1469,1
1635,1586,1
1635,1588,1
1636,1597,1
1636,1637,1
1637,1596,1
1637,1598,1
1637,1638,1
1638,1597,1
1638,3432,1
1639,1608,1
1639,1611,1
1640,1627,1
1641,3126,1
1644,422,1
1645,505,1
1646,160,1
1646,313,1
1646,512,1
1647,1648,1
1647,2567,1
1648,1647,1
1648,2567,1
1649,84,1
1649,428,1
1651,33,1
1651,3077,1
1652,1241,1
1652,2096,1
1655,441,1
1656,1657,1
1656,1977,1
1657,442,1
1657,1658,1
1658,442,1
1658,1657,1
1659,1979,1
1659,1981,1
1660,442,1
1660,5298,1
1662,447,1
1662,1984,1
1663,331,1
1663,1201,1
1663,1987,1
1664,2769,1
1665,459,1
1665,1667,1
1665,1989,1
1666,1084,1
1666,1667,1
1667,459,1
1667,1666,1
1668,459,1
1668,1667,1
1669,12,1
1669,346,1
1670,597,1
1670,1246,1
1671,476,1
1671,782,1
1672,1673,1
1673,594,1
1674,244,1
1674,1676,1
1675,241,1
1675,252,1
1675,1676,1
1676,244,1
1677,236,1
1677,493,1
1678,221,1
1678,1677,1
1679,493,1
1679,1677,1
1680,495,1
1680,1552,1
1681,257,1
1681,641,1
1681,1680,1
1682,26,1
1682,500,1
1683,11,1
1683,267,1
1683,1682,1
1684,541,1
1684,1993,1
1685,1995,1
1685,1997,1
1685,1999,1
1686,178,1
1687,76,1
1687,3449,1
1688,302,1
1688,1689,1
1688,3140,1
1689,511,1
1689,2000,1
1690,302,1
1690,1688,1
1690,2000,1
1691,685,1
1691,1044,1
1693,516,1
1693,1695,1
1693,2002,1
1694,1693,1
1694,2001,1
1695,513,1
1695,1693,1
1695,2001,1
1696,932,1
1696,1774,1
1697,37,1
1697,556,1
1697,587,1
1698,382,1
1699,11,1
1699,349,1
1699,383,1
1700,1670,1
1701,2004,1
1701,2006,1
1702,555,1
1702,1705,1
1702,2009,1
1703,1702,1
1703,2008,1
1704,555,1
1704,1705,1
1704,2009,1
1705,1704,1
1705,2009,1
1706,20,1
1706,176,1
1707,21,1
1707,446,1
1707,2011,1
1708,1707,1
1708,2012,1
1709,574,1
1709,1708,1
1709,2013,1
1710,475,1
1711,575,1
1712,492,1
1712,1217,1
1713,580,1
1715,466,1
1715,1717,1
1716,466,1
1716,1715,1
1716,3463,1
1717,1715,1
1717,3463,1
1718,194,1
1718,1201,1
1719,603,1
1719,605,1
1720,194,1
1720,1008,1
1721,151,1
1721,627,1
1721,848,1
1722,19,1
1722,567,1
1723,4,1
1723,629,1
1724,858,1
1724,1803,1
1725,1347,1
1727,214,1
1727,650,1
1727,5301,1
1728,1727,1
1729,752,1
1729,3465,1
1730,752,1
1731,658,1
1731,3467,1
1732,658,1
1732,1733,1
1733,658,1
1733,3469,1
1736,657,1
1736,1737,1
1736,2016,1
1737,380,1
1737,660,1
1738,227,1
1738,657,1
1738,2016,1
1739,244,1
1739,2017,1
1740,281,1
1740,2019,1
1740,2021,1
1741,669,1
1741,1271,1
1742,679,1
1742,2023,1
1743,1742,1
1743,2023,1
1744,452,1
1745,686,1
1747,689,1
1748,373,1
1748,713,1
1748,715,1
1749,1752,1
1749,2026,1
1750,401,1
1750,1751,1
1750,2979,1
1751,727,1
1751,2766,1
1752,727,1
1752,2026,1
1753,738,1
1754,206,1
1755,346,1
1755,368,1
1756,743,1
1756,2029,1
1756,2031,1
1757,748,1
1757,1004,1
1758,160,1
1758,314,1
1758,1759,1
1759,760,1
1760,438,1
1760,561,1
1760,812,1
1761,3450,1
1762,561,1
1762,761,1
1763,774,1
1763,4263,1
1764,774,1
1764,1008,1
1765,772,1
1765,920,1
1766,191,1
1766,778,1
1767,1769,1
1767,1771,1
1768,786,1
1768,1769,1
1769,1767,1
1769,1771,1
1770,786,1
1770,1768,1
1771,1767,1
1771,1770,1
1772,514,1
1772,791,1
1772,2033,1
1773,790,1
1773,1772,1
1774,238,1
1774,792,1
1774,1696,1
1775,2034,1
1776,339,1
1776,2038,1
1776,2040,1
1777,797,1
1777,934,1
1778,801,1
1778,1858,1
1779,248,1
1779,1781,1
1779,2042,1
1780,248,1
1780,1778,1
1781,867,1
1781,2021,1
1782,541,1
1782,803,1
1782,806,1
1785,809,1
1785,2045,1
1785,2047,1
1790,512,1
1790,942,1
1790,1383,1
1791,819,1
1792,819,1
1792,1791,1
1793,572,1
1793,2048,1
1794,470,1
1794,598,1
1794,1793,1
1795,849,1
1796,849,1
1796,1797,1
1797,2050,1
1797,2052,1
1798,636,1
1798,1795,1
1799,2555,1
1800,1799,1
1800,1802,1
1801,1799,1
1801,1802,1
1802,1799,1
1802,1801,1
1803,859,1
1803,2054,1
1804,864,1
1806,866,1
1807,661,1
1807,1123,1
1808,876,1
1808,2057,1
1809,39,1
1809,1810,1
1810,86,1
1810,877,1
1810,10754,1
1811,432,1
1811,756,1
1812,882,1
1812,1894,1
1813,975,1
1813,2060,1
1814,974,1
1814,1894,1
1815,1817,1
1817,974,1
1817,1400,1
1818,33,1
1818,2063,1
1818,2065,1
1819,892,1
1819,1045,1
1821,897,1
1822,724,1
1822,1818,1
1824,303,1
1824,1930,1
1825,1576,1
1825,1930,1
1827,1828,1
1827,1830,1
1828,1827,1
1828,1830,1
1829,941,1
1829,1828,1
1829,2066,1
1830,1827,1
1830,1829,1
1831,948,1
1831,1834,1
1831,3113,1
1832,342,1
1832,1831,1
1833,139,1
1833,3298,1
1834,3114,1
1835,948,1
1835,1834,1
1836,1837,1
1836,1839,1
1837,949,1
1837,1839,1
1837,2068,1
1838,1836,1
1838,1840,1
1839,1837,1
1839,2069,1
1840,445,1
1840,2069,1
1840,2072,1
1841,952,1
1842,952,1
1842,1841,1
1843,962,1
1843,1844,1
1844,962,1
1844,1843,1
1845,2074,1
1845,2076,1
1846,963,1
1846,2075,1
1847,963,1
1848,952,1
1849,2078,1
1849,2080,1
1850,304,1
1850,532,1
1851,76,1
1851,679,1
1852,976,1
1852,1399,1
1853,2082,1
1853,2085,1
1854,981,1
1854,1857,1
1855,983,1
1855,1856,1
1855,16479,1
1856,1549,1
1856,16478,1
1857,2086,1
1858,801,1
1858,2042,1
1859,406,1
1859,1780,1
1861,1863,1
1861,5319,1
1863,1002,1
1863,1861,1
1865,1864,1
1865,1868,1
1866,1864,1
1866,1868,1
1867,676,1
1867,1868,1
1867,2094,1
1868,1866,1
1869,117,1
1869,2096,1
1870,1058,1
1871,1013,1
1871,1055,1
1872,925,1
1872,1016,1
1873,94,1
1873,151,1
1874,1018,1
1875,470,1
1876,1020,1
1876,2098,1
1877,1876,1
1877,1879,1
1878,1020,1
1878,1877,1
1878,2098,1
1879,1876,1
1879,1878,1
1880,1023,1
1880,1883,1
1881,1023,1
1881,1883,1
1882,1023,1
1882,1881,1
1882,4048,1
1883,1880,1
1884,696,1
1884,1026,1
1885,532,1
1885,1851,1
1886,687,1
1886,943,1
1886,1033,1
1887,1037,1
1887,1888,1
1888,398,1
1888,1037,1
1888,5321,1
1889,1038,1
1890,1041,1
1892,359,1
1892,1043,1
1893,359,1
1895,976,1
1895,1400,1
1896,1013,1
1896,1871,1
1897,1055,1
1898,1871,1
1899,193,1
1902,3125,1
1903,1097,1
1905,1090,1
1906,1085,1
1907,1908,1
1907,2116,1
1908,1907,1
1909,931,1
1909,1090,1
1910,1089,1
1910,1099,1
1911,1096,1
1911,1099,1
1912,1101,1
1912,1913,1
1913,1100,1
1913,1102,1
1913,1914,1
1914,1101,1
1914,1912,1
1915,1095,1
1915,1107,1
1916,1113,1
1916,1917,1
1916,1920,1
1917,1114,1
1917,1918,1
1918,1113,1
1918,1916,1
1920,1113,1
1920,1916,1
1921,8,1
1921,302,1
1921,2594,1
1923,281,1
1923,372,1
1924,316,1
1924,1136,1
1925,37,1
1925,319,1
1926,319,1
1926,1925,1
1928,1929,1
1928,2121,1
1929,1928,1
1930,899,1
1930,1824,1
1931,303,1
1931,403,1
1931,1150,1
1932,1931,1
1932,1934,1
1933,342,1
1933,1150,1
1934,403,1
1934,1932,1
1935,1938,1
1936,1161,1
1938,1161,1
1938,2123,1
1939,479,1
1939,481,1
1940,1162,1
1941,450,1
1941,1283,1
1942,1185,1
1942,3138,1
1943,452,1
1943,1942,1
1944,1185,1
1945,453,1
1945,1189,1
1946,6497,1
1947,1189,1
1947,1946,1
1948,1197,1
1948,1949,1
1948,3496,1
1949,1198,1
1949,3495,1
1950,484,1
1950,1207,1
1951,1213,1
1951,1593,1
1952,1494,1
1952,2135,1
1953,2137,1
1954,648,1
1954,1562,1
1955,648,1
1955,1954,1
1955,5973,1
1956,1955,1
1957,754,1
1957,1562,1
1959,1227,1
1960,527,1
1960,1507,1
1961,527,1
1961,1227,1
1962,532,1
1962,1233,1
1963,449,1
1963,3077,1
1964,1241,1
1965,1966,1
1965,2150,1
1966,1965,1
1966,2151,1
1967,609,1
1967,1966,1
1968,610,1
1970,1252,1
1970,1518,1
1971,193,1
1971,1265,1
1972,311,1
1972,1974,1
1972,2154,1
1973,617,1
1974,1277,1
1974,2153,1
1975,270,1
1975,435,1
1976,1291,1
1978,1977,1
1979,1958,1
1980,1659,1
1981,1659,1
1982,1979,1
1984,447,1
1984,1662,1
1985,151,1
1985,447,1
1985,518,1
1986,1663,1
1986,1987,1
1987,449,1
1987,1241,1
1988,459,1
1988,1666,1
1988,1668,1
1989,455,1
1989,1665,1
1991,241,1
1991,1674,1
1991,1676,1
1992,541,1
1992,1993,1
1993,505,1
1993,1992,1
1993,3139,1
1994,1684,1
1994,1993,1
1995,1996,1
1995,1998,1
1996,1685,1
1996,1997,1
1996,1999,1
1998,1995,1
1998,1997,1
1999,21,1
1999,1685,1
1999,1996,1
2000,511,1
2000,1689,1
2001,513,1
2001,1693,1
2001,1695,1
2002,1693,1
2002,1695,1
2003,795,1
2003,934,1
2004,100,1
2004,1701,1
2004,2006,1
2005,554,1
2005,2004,1
2006,101,1
2006,554,1
2006,2007,1
2007,554,1
2007,2006,1
2008,1703,1
2008,1705,1
2009,1702,1
2009,1704,1
2009,2008,1
2010,1706,1
2012,1707,1
2012,1709,1
2013,574,1
2013,1708,1
2013,2012,1
2016,227,1
2016,657,1
2016,1737,1
2017,244,1
2019,569,1
2019,2020,1
2020,99,1
2020,1271,1
2021,5,1
2022,679,1
2022,1743,1
2022,2024,1
2023,1742,1
2023,2022,1
2024,121,1
2024,679,1
2025,1186,1
2025,2026,1
2026,1354,1
2026,1752,1
2027,1749,1
2027,2025,1
2029,367,1
2029,2166,1
2031,542,1
2031,2166,1
2032,1767,1
2032,1770,1
2033,790,1
2033,1772,1
2034,1775,1
2034,2035,1
2035,793,1
2035,1775,1
2038,1377,1
2039,793,1
2039,1777,1
2040,797,1
2040,935,1
2041,1779,1
2041,2194,1
2042,204,1
2042,869,1
2042,1858,1
2043,867,1
2043,1781,1
2044,809,1
2044,1785,1
2044,2046,1
2045,2044,1
2046,809,1
2046,2044,1
2048,622,1
2048,1794,1
2049,470,1
2049,1793,1
2050,181,1
2051,1797,1
2051,2053,1
2052,1797,1
2053,2051,1
2054,858,1
2054,1724,1
2054,3147,1
2055,858,1
2055,1803,1
2056,698,1
2057,4080,1
2058,4080,1
2059,979,1
2060,975,1
2060,1044,1
2060,1895,1
2062,976,1
2062,1817,1
2063,1818,1
2063,3150,1
2063,5339,1
2064,5338,1
2066,1828,1
2067,949,1
2067,1837,1
2068,1836,1
2068,1839,1
2069,1836,1
2069,1839,1
2070,1839,1
2071,445,1
2072,1836,1
2073,963,1
2073,2074,1
2073,2076,1
2074,1845,1
2074,2075,1
2075,963,1
2075,2073,1
2075,2076,1
2076,2073,1
2076,2075,1
2078,76,1
2079,966,1
2080,2186,1
2081,1849,1
2082,980,1
1,6,0
1,7,0
1,8,0
1,9,0
1,10,0
1,11,0
1,12,0
1,13,0
1,14,0
1,16,0
1,17,0
1,18,0
1,19,0
1,68,0
1,69,0
1,70,0
1,71,0
1,72,0
1,73,0
1,74,0
1,75,0
1,105,0
1,107,0
1,109,0
1,110,0
1,139,0
1,154,0
1,178,0
1,180,0
1,282,0
1,299,0
1,301,0
1,431,0
1,508,0
1,509,0
1,608,0
1,612,0
1,629,0
1,630,0
1,1686,0
1,1722,0
1,1723,0
1,2021,0
2,4,0
2,5,0
2,6,0
2,8,0
2,9,0
2,15,0
2,20,0
2,21,0
2,23,0
2,25,0
2,26,0
2,27,0
2,28,0
2,29,0
2,45,0
2,46,0
2,47,0
2,57,0
2,58,0
2,59,0
2,79,0
2,88,0
2,103,0
2,140,0
2,141,0
2,183,0
2,196,0
2,198,0
2,199,0
2,232,0
2,254,0
2,260,0
2,261,0
2,262,0
2,263,0
2,264,0
2,265,0
2,266,0
2,267,0
2,357,0
2,402,0
2,451,0
2,473,0
2,500,0
2,501,0
2,545,0
2,546,0
2,556,0
2,632,0
2,666,0
2,1489,0
2,1669,0
2,1682,0
2,1683,0
2,1698,0
2,1699,0
3,30,0
3,97,0
3,98,0
3,99,0
3,100,0
3,101,0
3,118,0
3,175,0
3,177,0
3,279,0
3,280,0
3,281,0
3,298,0
3,307,0
3,308,0
3,345,0
3,366,0
3,372,0
3,388,0
3,389,0
3,418,0
3,419,0
3,534,0
3,553,0
3,554,0
3,669,0
3,673,0
3,1132,0
3,1160,0
3,1198,0
3,1472,0
3,1923,0
4,5,0
4,6,0
4,8,0
4,9,0
4,10,0
4,15,0
4,20,0
4,30,0
4,31,0
4,32,0
4,33,0
4,34,0
4,35,0
4,36,0
4,51,0
4,83,0
4,84,0
4,85,0
4,108,0
4,123,0
4,124,0
4,137,0
4,139,0
4,148,0
4,152,0
4,153,0
4,154,0
4,155,0
4,160,0
4,168,0
4,169,0
4,196,0
4,208,0
4,209,0
4,210,0
4,213,0
4,290,0
4,311,0
4,313,0
4,427,0
4,445,0
4,481,0
4,504,0
4,567,0
4,592,0
4,617,0
4,680,0
4,681,0
4,682,0
4,752,0
4,815,0
4,862,0
4,929,0
4,964,0
4,1035,0
4,1079,0
4,1123,0
4,1126,0
4,1127,0
4,1128,0
4,1246,0
4,1388,0
4,1529,0
4,1841,0
4,1973,0
4,4034,0
4,4035,0
5,11,0
5,13,0
5,15,0
5,16,0
5,17,0
5,20,0
5,21,0
5,22,0
5,23,0
5,24,0
5,30,0
5,31,0
5,36,0
5,37,0
5,40,0
5,42,0
5,50,0
5,51,0
5,80,0
5,97,0
5,98,0
5,99,0
5,112,0
5,115,0
5,118,0
5,123,0
5,137,0
5,138,0
5,149,0
5,155,0
5,160,0
5,164,0
5,168,0
5,176,0
5,182,0
5,193,0
5,210,0
5,226,0
5,228,0
5,290,0
5,302,0
5,313,0
5,315,0
5,445,0
5,450,0
5,454,0
5,479,0
5,480,0
5,481,0
5,482,0
5,504,0
5,597,0
5,609,0
5,613,0
5,614,0
5,630,0
5,668,0
5,683,0
5,685,0
5,687,0
5,719,0
5,784,0
5,819,0
5,836,0
5,837,0
5,838,0
5,839,0
5,944,0
5,945,0
5,946,0
5,947,0
5,1034,0
5,1036,0
5,1079,0
5,1162,0
5,1221,0
5,1247,0
5,1250,0
5,1281,0
5,1329,0
5,1432,0
5,1436,0
5,1494,0
5,1706,0
5,1740,0
5,1781,0
5,1832,0
5,1833,0
5,1921,0
5,1939,0
5,1965,0
5,1967,0
5,1989,0
5,2019,0
5,2043,0
5,2072,0
5,2163,0
5,2164,0
5,2165,0
6,10,0
6,13,0
6,16,0
6,21,0
6,22,0
6,23,0
6,24,0
6,25,0
6,26,0
6,28,0
6,30,0
6,31,0
6,36,0
6,37,0
6,40,0
6,42,0
6,45,0
6,46,0
6,47,0
6,50,0
6,51,0
6,57,0
6,58,0
6,59,0
6,78,0
6,80,0
6,83,0
6,85,0
6,88,0
6,97,0
6,98,0
6,99,0
6,100,0
6,111,0
6,112,0
6,115,0
6,118,0
6,123,0
6,137,0
6,139,0
6,142,0
6,149,0
6,155,0
6,160,0
6,164,0
6,168,0
6,169,0
6,182,0
6,193,0
6,202,0
6,210,0
6,213,0
6,226,0
6,228,0
6,265,0
6,266,0
6,267,0
6,278,0
6,290,0
6,302,0
6,313,0
6,315,0
6,402,0
6,445,0
6,450,0
6,454,0
6,462,0
6,463,0
6,479,0
6,480,0
6,500,0
6,501,0
6,502,0
6,504,0
6,545,0
6,546,0
6,555,0
6,569,0
6,570,0
6,594,0
6,597,0
6,608,0
6,613,0
6,614,0
6,630,0
6,672,0
6,683,0
6,685,0
6,687,0
6,719,0
6,784,0
6,819,0
6,836,0
6,837,0
6,838,0
6,839,0
6,853,0
6,944,0
6,945,0
6,946,0
6,947,0
6,1034,0
6,1036,0
6,1079,0
6,1162,0
6,1212,0
6,1215,0
6,1216,0
6,1432,0
6,1436,0
6,1491,0
6,1496,0
6,1501,0
6,1682,0
6,1683,0
6,1698,0
6,1699,0
6,1832,0
6,1833,0
6,1836,0
6,1840,0
6,1921,0
6,1939,0
6,1952,0
6,1989,0
6,2010,0
6,2021,0
6,2461,0
6,2462,0
6,2560,0
6,2733,0
6,2734,0
6,3518,0
6,3519,0
7,11,0
7,13,0
7,18,0
7,19,0
7,21,0
7,22,0
7,23,0
7,24,0
7,28,0
7,31,0
7,36,0
7,37,0
7,40,0
7,42,0
7,48,0
7,49,0
7,50,0
7,51,0
7,60,0
7,63,0
7,67,0
7,73,0
7,74,0
7,75,0
7,78,0
7,80,0
7,82,0
7,83,0
7,85,0
7,89,0
7,97,0
7,98,0
7,99,0
7,108,0
7,109,0
7,110,0
7,111,0
7,112,0
7,115,0
7,118,0
7,124,0
7,125,0
7,127,0
7,138,0
7,142,0
7,155,0
7,156,0
7,157,0
7,159,0
7,161,0
7,164,0
7,168,0
7,169,0
7,176,0
7,180,0
7,182,0
7,193,0
7,196,0
7,202,0
7,213,0
7,226,0
7,228,0
7,282,0
7,292,0
7,293,0
7,294,0
7,302,0
7,312,0
7,314,0
7,315,0
7,346,0
7,358,0
7,367,0
7,368,0
7,431,0
7,446,0
7,450,0
7,454,0
7,455,0
7,479,0
7,480,0
7,481,0
7,482,0
7,505,0
7,512,0
7,563,0
7,564,0
7,567,0
7,593,0
7,597,0
7,608,0
7,609,0
7,612,0
7,613,0
7,614,0
7,615,0
7,629,0
7,668,0
7,678,0
7,683,0
7,684,0
7,685,0
7,687,0
7,705,0
7,706,0
7,719,0
7,760,0
7,784,0
7,819,0
7,828,0
7,829,0
7,838,0
7,839,0
7,840,0
7,1079,0
7,1091,0
7,1162,0
7,1221,0
7,1237,0
7,1281,0
7,1363,0
7,1432,0
7,1436,0
7,1491,0
7,1494,0
7,1646,0
7,1706,0
7,1722,0
7,1723,0
7,1758,0
7,1759,0
7,1832,0
7,1833,0
7,1921,0
7,1939,0
7,1989,0
7,2021,0
7,2072,0
8,9,0
8,10,0
8,11,0
8,14,0
8,16,0
8,18,0
8,27,0
8,28,0
8,31,0
8,38,0
8,39,0
8,41,0
8,43,0
8,44,0
8,48,0
8,49,0
8,50,0
8,63,0
8,64,0
8,65,0
8,67,0
8,77,0
8,78,0
8,79,0
8,82,0
8,83,0
8,85,0
8,86,0
8,87,0
8,89,0
8,100,0
8,101,0
8,111,0
8,114,0
8,116,0
8,117,0
8,118,0
8,119,0
8,123,0
8,131,0
8,133,0
8,137,0
8,138,0
8,139,0
8,140,0
8,141,0
8,142,0
8,148,0
8,150,0
8,154,0
8,156,0
8,157,0
8,158,0
8,160,0
8,161,0
8,168,0
8,169,0
8,171,0
8,175,0
8,177,0
8,181,0
8,183,0
8,184,0
8,185,0
8,186,0
8,192,0
8,197,0
8,198,0
8,199,0
8,201,0
8,202,0
8,212,0
8,213,0
8,218,0
8,223,0
8,224,0
8,225,0
8,231,0
8,232,0
8,241,0
8,242,0
8,243,0
8,244,0
8,254,0
8,269,0
8,278,0
8,291,0
8,292,0
8,293,0
8,294,0
8,303,0
8,307,0
8,308,0
8,314,0
8,320,0
8,322,0
8,333,0
8,334,0
8,336,0
8,338,0
8,342,0
8,345,0
8,346,0
8,355,0
8,357,0
8,358,0
8,362,0
8,366,0
8,367,0
8,368,0
8,374,0
8,376,0
8,379,0
8,389,0
8,404,0
8,421,0
8,426,0
8,430,0
8,445,0
8,446,0
8,451,0
8,452,0
8,455,0
8,456,0
8,462,0
8,463,0
8,473,0
8,476,0
8,481,0
8,482,0
8,483,0
8,484,0
8,505,0
8,511,0
8,512,0
8,534,0
8,553,0
8,556,0
8,558,0
8,563,0
8,564,0
8,568,0
8,569,0
8,570,0
8,592,0
8,593,0
8,594,0
8,608,0
8,609,0
8,612,0
8,615,0
8,630,0
8,632,0
8,636,0
8,672,0
8,673,0
8,678,0
8,684,0
8,686,0
8,705,0
8,706,0
8,724,0
8,725,0
8,752,0
8,768,0
8,785,0
8,820,0
8,828,0
8,829,0
8,837,0
8,840,0
8,851,0
8,853,0
8,854,0
8,874,0
8,875,0
8,877,0
8,900,0
8,914,0
8,917,0
8,943,0
8,993,0
8,994,0
8,995,0
8,1030,0
8,1031,0
8,1032,0
8,1033,0
8,1035,0
8,1051,0
8,1066,0
8,1080,0
8,1081,0
8,1082,0
8,1083,0
8,1084,0
8,1093,0
8,1103,0
8,1105,0
8,1123,0
8,1128,0
8,1138,0
8,1141,0
8,1148,0
8,1152,0
8,1158,0
8,1164,0
8,1172,0
8,1173,0
8,1182,0
8,1183,0
8,1191,0
8,1192,0
8,1193,0
8,1204,0
8,1210,0
8,1221,0
8,1237,0
8,1246,0
8,1255,0
8,1265,0
8,1279,0
8,1280,0
8,1281,0
8,1282,0
8,1283,0
8,1326,0
8,1328,0
8,1329,0
8,1330,0
8,1350,0
8,1363,0
8,1364,0
8,1396,0
8,1398,0
8,1407,0
8,1437,0
8,1438,0
8,1467,0
8,1480,0
8,1489,0
8,1490,0
8,1491,0
8,1494,0
8,1555,0
8,1575,0
8,1580,0
8,1581,0
8,1626,0
8,1646,0
8,1647,0
8,1648,0
8,1667,0
8,1670,0
8,1688,0
8,1689,0
8,1690,0
8,1691,0
8,1697,0
8,1706,0
8,1707,0
8,1746,0
8,1754,0
8,1791,0
8,1792,0
8,1822,0
8,1824,0
8,1886,0
8,1899,0
8,1922,0
8,1925,0
8,1940,0
8,1941,0
8,1971,0
8,1999,0
8,2000,0
8,2020,0
8,2021,0
8,2056,0
8,2072,0
8,2078,0
8,2560,0
8,2594,0
8,2824,0
9,10,0
9,16,0
9,17,0
9,20,0
9,25,0
9,26,0
9,45,0
9,46,0
9,47,0
9,48,0
9,49,0
9,57,0
9,58,0
9,59,0
9,63,0
9,67,0
9,83,0
9,84,0
9,85,0
9,88,0
9,89,0
9,90,0
9,98,0
9,119,0
9,123,0
9,137,0
9,154,0
9,156,0
9,157,0
9,160,0
9,169,0
9,176,0
9,184,0
9,185,0
9,210,0
9,265,0
9,266,0
9,267,0
9,290,0
9,294,0
9,313,0
9,320,0
9,346,0
9,367,0
9,368,0
9,402,0
9,455,0
9,459,0
9,500,0
9,501,0
9,504,0
9,545,0
9,546,0
9,608,0
9,612,0
9,615,0
9,630,0
9,668,0
9,840,0
9,1077,0
9,1078,0
9,1198,0
9,1221,0
9,1237,0
9,1363,0
9,1394,0
9,1433,0
9,1435,0
9,1494,0
9,1591,0
9,1665,0
9,1682,0
9,1683,0
9,1698,0
9,1699,0
9,1706,0
9,1833,0
9,1988,0
9,2021,0
9,2072,0
9,2435,0
10,16,0
10,17,0
10,20,0
10,30,0
10,123,0
10,154,0
10,160,0
10,210,0
10,231,0
10,290,0
10,313,0
10,454,0
10,480,0
10,481,0
10,483,0
10,504,0
10,570,0
10,608,0
10,612,0
10,630,0
10,683,0
10,867,0
10,1035,0
10,1066,0
10,1079,0
10,1080,0
10,1081,0
10,1329,0
10,1330,0
10,1833,0
10,2021,0
11,12,0
11,13,0
11,14,0
11,17,0
11,23,0
11,28,0
11,30,0
11,31,0
11,50,0
11,78,0
11,111,0
11,112,0
11,118,0
11,139,0
11,142,0
11,154,0
11,168,0
11,176,0
11,182,0
11,202,0
11,210,0
11,268,0
11,349,0
11,382,0
11,383,0
11,384,0
11,385,0
11,502,0
11,612,0
11,668,0
11,1221,0
11,1432,0
11,1491,0
11,1494,0
11,1706,0
11,1989,0
11,2072,0
11,3451,0
11,3452,0
12,13,0
12,14,0
12,294,0
12,346,0
12,460,0
12,665,0
12,3411,0
12,3444,0
13,17,0
13,22,0
13,24,0
13,28,0
13,29,0
13,30,0
13,37,0
13,40,0
13,42,0
13,76,0
13,77,0
13,78,0
13,80,0
13,81,0
13,82,0
13,97,0
13,98,0
13,99,0
13,103,0
13,111,0
13,112,0
13,115,0
13,142,0
13,154,0
13,158,0
13,164,0
13,176,0
13,182,0
13,193,0
13,196,0
13,200,0
13,201,0
13,202,0
13,203,0
13,210,0
13,226,0
13,228,0
13,245,0
13,255,0
13,256,0
13,259,0
13,269,0
13,288,0
13,290,0
13,302,0
13,303,0
13,313,0
13,315,0
13,317,0
13,322,0
13,348,0
13,354,0
13,421,0
13,442,0
13,445,0
13,450,0
13,454,0
13,455,0
13,479,0
13,480,0
13,481,0
13,504,0
13,555,0
13,597,0
13,600,0
13,631,0
13,633,0
13,634,0
13,668,0
13,683,0
13,685,0
13,687,0
13,719,0
13,768,0
13,784,0
13,819,0
13,837,0
13,852,0
13,854,0
13,930,0
13,939,0
13,1035,0
13,1079,0
13,1140,0
13,1141,0
13,1162,0
13,1164,0
13,1204,0
13,1238,0
13,1239,0
13,1246,0
13,1255,0
13,1372,0
13,1436,0
13,1490,0
13,1491,0
13,1514,0
13,1697,0
13,1706,0
13,1707,0
13,1838,0
13,1921,0
13,1939,0
13,1999,0
13,2078,0
14,20,0
14,23,0
14,70,0
14,71,0
14,76,0
14,77,0
14,78,0
14,79,0
14,80,0
14,81,0
14,82,0
14,102,0
14,120,0
14,121,0
14,135,0
14,140,0
14,141,0
14,143,0
14,144,0
14,145,0
14,146,0
14,147,0
14,164,0
14,183,0
14,198,0
14,199,0
14,232,0
14,237,0
14,254,0
14,269,0
14,303,0
14,305,0
14,309,0
14,357,0
14,386,0
14,443,0
14,444,0
14,445,0
14,449,0
14,451,0
14,455,0
14,473,0
14,481,0
14,556,0
14,603,0
14,629,0
14,630,0
14,632,0
14,763,0
14,764,0
14,765,0
14,834,0
14,837,0
14,884,0
14,930,0
14,1035,0
14,1141,0
14,1164,0
14,1246,0
14,1255,0
14,1419,0
14,1489,0
14,1707,0
14,1838,0
14,1999,0
14,2078,0
15,102,0
15,103,0
15,104,0
15,106,0
15,120,0
15,122,0
15,134,0
15,179,0
15,300,0
15,420,0
15,421,0
15,507,0
15,510,0
15,581,0
15,5938,0
15,5939,0
16,17,0
16,18,0
16,20,0
16,30,0
16,108,0
16,110,0
16,123,0
16,137,0
16,139,0
16,154,0
16,160,0
16,180,0
16,210,0
16,282,0
16,290,0
16,313,0
16,431,0
16,504,0
16,629,0
16,630,0
16,1126,0
16,1722,0
16,1723,0
17,18,0
17,19,0
17,20,0
17,21,0
17,22,0
17,23,0
17,24,0
17,37,0
17,40,0
17,42,0
17,48,0
17,49,0
17,50,0
17,63,0
17,67,0
17,73,0
17,74,0
17,75,0
17,80,0
17,84,0
17,89,0
17,97,0
17,98,0
17,99,0
17,109,0
17,110,0
17,112,0
17,115,0
17,118,0
17,123,0
17,137,0
17,139,0
17,154,0
17,156,0
17,157,0
17,160,0
17,161,0
17,164,0
17,165,0
17,166,0
17,167,0
17,170,0
17,176,0
17,180,0
17,182,0
17,193,0
17,210,0
17,226,0
17,228,0
17,282,0
17,290,0
17,294,0
17,302,0
17,313,0
17,314,0
17,315,0
17,346,0
17,367,0
17,368,0
17,431,0
17,450,0
17,454,0
17,459,0
17,474,0
17,479,0
17,480,0
17,504,0
17,567,0
17,597,0
17,612,0
17,615,0
17,629,0
17,630,0
17,668,0
17,683,0
17,685,0
17,687,0
17,719,0
17,749,0
17,784,0
17,819,0
17,840,0
17,1079,0
17,1162,0
17,1221,0
17,1237,0
17,1316,0
17,1363,0
17,1394,0
17,1436,0
17,1494,0
17,1706,0
17,1722,0
17,1723,0
17,1921,0
17,1939,0
17,2072,0
18,19,0
18,21,0
18,22,0
18,27,0
18,31,0
18,52,0
18,53,0
18,54,0
18,55,0
18,56,0
18,61,0
18,62,0
18,73,0
18,74,0
18,75,0
18,83,0
18,91,0
18,92,0
18,93,0
18,94,0
18,95,0
18,96,0
18,98,0
18,99,0
18,100,0
18,109,0
18,110,0
18,116,0
18,149,0
18,150,0
18,151,0
18,154,0
18,159,0
18,162,0
18,165,0
18,166,0
18,167,0
18,174,0
18,180,0
18,210,0
18,224,0
18,231,0
18,243,0
18,274,0
18,275,0
18,276,0
18,277,0
18,278,0
18,279,0
18,281,0
18,282,0
18,295,0
18,296,0
18,302,0
18,303,0
18,331,0
18,333,0
18,334,0
18,336,0
18,342,0
18,345,0
18,352,0
18,362,0
18,420,0
18,428,0
18,429,0
18,430,0
18,431,0
18,446,0
18,449,0
18,458,0
18,476,0
18,479,0
18,480,0
18,482,0
18,483,0
18,484,0
18,489,0
18,490,0
18,506,0
18,512,0
18,517,0
18,563,0
18,564,0
18,566,0
18,570,0
18,577,0
18,594,0
18,597,0
18,608,0
18,609,0
18,612,0
18,613,0
18,614,0
18,616,0
18,618,0
18,624,0
18,626,0
18,627,0
18,629,0
18,630,0
18,651,0
18,652,0
18,696,0
18,703,0
18,749,0
18,750,0
18,751,0
18,784,0
18,785,0
18,788,0
18,817,0
18,818,0
18,821,0
18,828,0
18,838,0
18,847,0
18,860,0
18,861,0
18,885,0
18,902,0
18,947,0
18,952,0
18,955,0
18,956,0
18,959,0
18,965,0
18,966,0
18,968,0
18,1040,0
18,1066,0
18,1080,0
18,1081,0
18,1120,0
18,1121,0
18,1124,0
18,1148,0
18,1151,0
18,1152,0
18,1153,0
18,1154,0
18,1156,0
18,1158,0
18,1162,0
18,1180,0
18,1181,0
18,1206,0
18,1207,0
18,1241,0
18,1250,0
18,1276,0
18,1277,0
18,1278,0
18,1316,0
18,1317,0
18,1328,0
18,1329,0
18,1330,0
18,1338,0
18,1339,0
18,1372,0
18,1394,0
18,1395,0
18,1425,0
18,1434,0
18,1465,0
18,1466,0
18,1467,0
18,1468,0
18,1471,0
18,1476,0
18,1477,0
18,1528,0
18,1566,0
18,1567,0
18,1649,0
18,1651,0
18,1661,0
18,1670,0
18,1672,0
18,1673,0
18,1722,0
18,1723,0
18,1729,0
18,1730,0
18,1791,0
18,1807,0
18,1818,0
18,1840,0
18,1842,0
18,1873,0
18,1921,0
18,1931,0
18,1939,0
18,1950,0
18,1964,0
18,1972,0
18,1986,0
18,2071,0
18,2423,0
18,2424,0
18,2561,0
18,2562,0
18,2633,0
18,2634,0
18,2635,0
18,2868,0
18,3483,0
18,3484,0
18,4062,0
18,4063,0
19,108,0
19,110,0
19,196,0
19,282,0
19,567,0
19,630,0
19,1126,0
19,4034,0
19,4035,0
20,21,0
20,22,0
20,24,0
20,25,0
20,26,0
20,27,0
20,36,0
20,37,0
20,40,0
20,42,0
20,45,0
20,46,0
20,47,0
20,48,0
20,49,0
20,50,0
20,51,0
20,57,0
20,58,0
20,59,0
20,63,0
20,67,0
20,77,0
20,79,0
20,80,0
20,81,0
20,82,0
20,88,0
20,89,0
20,97,0
20,98,0
20,99,0
20,103,0
20,113,0
20,115,0
20,118,0
20,123,0
20,128,0
20,129,0
20,130,0
20,137,0
20,139,0
20,140,0
20,141,0
20,155,0
20,156,0
20,157,0
20,160,0
20,164,0
20,176,0
20,181,0
20,183,0
20,187,0
20,193,0
20,196,0
20,198,0
20,199,0
20,201,0
20,203,0
20,212,0
20,223,0
20,226,0
20,228,0
20,232,0
20,235,0
20,237,0
20,254,0
20,265,0
20,266,0
20,267,0
20,269,0
20,290,0
20,294,0
20,302,0
20,303,0
20,305,0
20,313,0
20,315,0
20,319,0
20,321,0
20,322,0
20,346,0
20,353,0
20,355,0
20,357,0
20,367,0
20,368,0
20,376,0
20,386,0
20,402,0
20,421,0
20,446,0
20,450,0
20,451,0
20,454,0
20,455,0
20,473,0
20,479,0
20,480,0
20,481,0
20,500,0
20,501,0
20,504,0
20,540,0
20,545,0
20,546,0
20,555,0
20,556,0
20,563,0
20,564,0
20,593,0
20,597,0
20,608,0
20,609,0
20,612,0
20,613,0
20,614,0
20,615,0
20,630,0
20,632,0
20,637,0
20,638,0
20,668,0
20,683,0
20,685,0
20,687,0
20,719,0
20,784,0
20,819,0
20,828,0
20,829,0
20,838,0
20,839,0
20,840,0
20,852,0
20,854,0
20,884,0
20,917,0
20,939,0
20,1079,0
20,1141,0
20,1162,0
20,1204,0
20,1221,0
20,1237,0
20,1239,0
20,1255,0
20,1363,0
20,1364,0
20,1419,0
20,1436,0
20,1489,0
20,1490,0
20,1494,0
20,1682,0
20,1683,0
20,1698,0
20,1699,0
20,1802,0
20,1832,0
20,1833,0
20,1851,0
20,1921,0
20,1939,0
20,2010,0
20,2072,0
20,2851,0
20,2852,0
20,2853,0
21,22,0
21,24,0
21,29,0
21,30,0
21,37,0
21,40,0
21,42,0
21,76,0
21,78,0
21,79,0
21,80,0
21,81,0
21,82,0
21,97,0
21,98,0
21,99,0
21,103,0
21,111,0
21,112,0
21,115,0
21,140,0
21,141,0
21,142,0
21,148,0
21,149,0
21,176,0
21,182,0
21,193,0
21,196,0
21,198,0
21,199,0
21,201,0
21,202,0
21,210,0
21,226,0
21,228,0
21,231,0
21,232,0
21,237,0
21,254,0
21,269,0
21,290,0
21,291,0
21,302,0
21,305,0
21,313,0
21,315,0
21,322,0
21,333,0
21,334,0
21,336,0
21,337,0
21,342,0
21,345,0
21,357,0
21,362,0
21,363,0
21,364,0
21,365,0
21,381,0
21,386,0
21,390,0
21,391,0
21,392,0
21,404,0
21,422,0
21,423,0
21,424,0
21,425,0
21,446,0
21,450,0
21,451,0
21,454,0
21,456,0
21,473,0
21,479,0
21,480,0
21,482,0
21,483,0
21,484,0
21,504,0
21,556,0
21,558,0
21,570,0
21,574,0
21,594,0
21,597,0
21,608,0
21,609,0
21,612,0
21,631,0
21,632,0
21,635,0
21,658,0
21,668,0
21,679,0
21,683,0
21,685,0
21,687,0
21,696,0
21,703,0
21,719,0
21,784,0
21,785,0
21,819,0
21,854,0
21,884,0
21,885,0
21,902,0
21,930,0
21,947,0
21,993,0
21,995,0
21,1066,0
21,1079,0
21,1128,0
21,1148,0
21,1151,0
21,1152,0
21,1153,0
21,1154,0
21,1155,0
21,1156,0
21,1158,0
21,1162,0
21,1191,0
21,1204,0
21,1206,0
21,1207,0
21,1241,0
21,1250,0
21,1346,0
21,1419,0
21,1425,0
21,1434,0
21,1436,0
21,1465,0
21,1466,0
21,1467,0
21,1468,0
21,1471,0
21,1489,0
21,1490,0
21,1519,0
21,1520,0
21,1575,0
21,1661,0
21,1670,0
21,1672,0
21,1673,0
21,1685,0
21,1700,0
21,1706,0
21,1708,0
21,1709,0
21,1824,0
21,1838,0
21,1840,0
21,1921,0
21,1927,0
21,1931,0
21,1933,0
21,1939,0
21,1950,0
21,1989,0
21,1995,0
21,1996,0
21,1998,0
21,2011,0
21,2012,0
21,2013,0
21,2071,0
21,2078,0
21,2596,0
21,2597,0
21,2600,0
21,10357,0
22,24,0
22,27,0
22,28,0
22,30,0
22,40,0
22,42,0
22,78,0
22,80,0
22,87,0
22,97,0
22,98,0
22,99,0
22,111,0
22,112,0
22,115,0
22,141,0
22,142,0
22,148,0
22,164,0
22,176,0
22,182,0
22,183,0
22,193,0
22,201,0
22,202,0
22,203,0
22,210,0
22,226,0
22,228,0
22,232,0
22,270,0
22,271,0
22,272,0
22,273,0
22,290,0
22,302,0
22,303,0
22,313,0
22,315,0
22,322,0
22,334,0
22,362,0
22,421,0
22,434,0
22,435,0
22,450,0
22,451,0
22,454,0
22,459,0
22,473,0
22,479,0
22,480,0
22,484,0
22,504,0
22,597,0
22,612,0
22,668,0
22,683,0
22,685,0
22,687,0
22,698,0
22,719,0
22,753,0
22,755,0
22,784,0
22,819,0
22,876,0
22,878,0
22,915,0
22,1079,0
22,1084,0
22,1162,0
22,1204,0
22,1250,0
22,1255,0
22,1365,0
22,1434,0
22,1437,0
22,1438,0
22,1489,0
22,1490,0
22,1580,0
22,1581,0
22,1661,0
22,1665,0
22,1666,0
22,1668,0
22,1697,0
22,1706,0
22,1808,0
22,1809,0
22,1810,0
22,1840,0
22,1921,0
22,1925,0
22,1939,0
22,1988,0
22,1989,0
22,1999,0
22,2071,0
22,2824,0
22,4077,0
22,4078,0
23,24,0
23,27,0
23,28,0
23,30,0
23,38,0
23,39,0
23,40,0
23,42,0
23,77,0
23,79,0
23,80,0
23,81,0
23,86,0
23,87,0
23,97,0
23,98,0
23,99,0
23,112,0
23,113,0
23,115,0
23,128,0
23,129,0
23,130,0
23,140,0
23,148,0
23,154,0
23,158,0
23,164,0
23,171,0
23,176,0
23,181,0
23,182,0
23,187,0
23,193,0
23,198,0
23,199,0
23,203,0
23,210,0
23,226,0
23,228,0
23,235,0
23,237,0
23,245,0
23,254,0
23,255,0
23,256,0
23,259,0
23,290,0
23,302,0
23,305,0
23,313,0
23,315,0
23,319,0
23,321,0
23,334,0
23,337,0
23,348,0
23,353,0
23,357,0
23,363,0
23,364,0
23,365,0
23,390,0
23,391,0
23,392,0
23,421,0
23,442,0
23,445,0
23,450,0
23,454,0
23,479,0
23,480,0
23,481,0
23,504,0
23,540,0
23,555,0
23,556,0
23,597,0
23,631,0
23,632,0
23,635,0
23,636,0
23,637,0
23,638,0
23,668,0
23,683,0
23,685,0
23,687,0
23,719,0
23,768,0
23,784,0
23,819,0
23,837,0
23,852,0
23,854,0
23,877,0
23,884,0
23,915,0
23,917,0
23,939,0
23,993,0
23,995,0
23,1035,0
23,1079,0
23,1140,0
23,1141,0
23,1155,0
23,1162,0
23,1164,0
23,1239,0
23,1246,0
23,1364,0
23,1372,0
23,1436,0
23,1491,0
23,1519,0
23,1520,0
23,1575,0
23,1667,0
23,1697,0
23,1707,0
23,1824,0
23,1851,0
23,1921,0
23,1925,0
23,1931,0
23,1933,0
23,1939,0
23,1989,0
23,1999,0
23,2010,0
23,2056,0
23,2457,0
23,2458,0
23,2459,0
24,30,0
24,37,0
24,80,0
24,97,0
24,98,0
24,99,0
24,112,0
24,115,0
24,164,0
24,176,0
24,182,0
24,193,0
24,210,0
24,226,0
24,228,0
24,290,0
24,302,0
24,313,0
24,315,0
24,450,0
24,454,0
24,479,0
24,480,0
24,504,0
24,597,0
24,668,0
24,683,0
24,685,0
24,687,0
24,719,0
24,784,0
24,819,0
24,1079,0
24,1162,0
24,1436,0
24,1921,0
24,1939,0
25,26,0
25,265,0
25,266,0
25,267,0
25,402,0
25,500,0
25,501,0
25,545,0
25,546,0
25,1682,0
25,1683,0
25,1698,0
25,1699,0
26,45,0
26,46,0
26,47,0
26,57,0
26,58,0
26,59,0
26,88,0
26,349,0
26,382,0
26,383,0
26,384,0
26,385,0
26,500,0
26,501,0
26,502,0
26,545,0
26,546,0
26,1698,0
27,28,0
27,29,0
27,79,0
27,103,0
27,111,0
27,112,0
27,113,0
27,121,0
27,128,0
27,129,0
27,130,0
27,140,0
27,141,0
27,148,0
27,164,0
27,181,0
27,183,0
27,187,0
27,196,0
27,198,0
27,199,0
27,201,0
27,232,0
27,235,0
27,237,0
27,254,0
27,283,0
27,284,0
27,285,0
27,286,0
27,302,0
27,303,0
27,305,0
27,306,0
27,321,0
27,322,0
27,357,0
27,362,0
27,386,0
27,421,0
27,422,0
27,423,0
27,424,0
27,425,0
27,451,0
27,455,0
27,473,0
27,481,0
27,484,0
27,556,0
27,597,0
27,612,0
27,632,0
27,679,0
27,788,0
27,811,0
27,837,0
27,884,0
27,917,0
27,927,0
27,931,0
27,939,0
27,949,0
27,1019,0
27,1020,0
27,1035,0
27,1064,0
27,1079,0
27,1128,0
27,1129,0
27,1130,0
27,1141,0
27,1164,0
27,1246,0
27,1250,0
27,1255,0
27,1373,0
27,1434,0
27,1489,0
27,1661,0
27,1687,0
27,1696,0
27,1707,0
27,1836,0
27,1839,0
27,1840,0
27,1849,0
27,1851,0
27,1921,0
27,1999,0
27,2024,0
27,2067,0
27,2071,0
27,2181,0
27,2182,0
27,6170,0
28,29,0
28,30,0
28,37,0
28,70,0
28,71,0
28,76,0
28,78,0
28,97,0
28,102,0
28,111,0
28,112,0
28,120,0
28,121,0
28,135,0
28,142,0
28,154,0
28,164,0
28,182,0
28,183,0
28,202,0
28,203,0
28,210,0
28,219,0
28,221,0
28,222,0
28,228,0
28,235,0
28,236,0
28,284,0
28,285,0
28,287,0
28,288,0
28,289,0
28,290,0
28,291,0
28,292,0
28,293,0
28,303,0
28,334,0
28,353,0
28,357,0
28,387,0
28,404,0
28,421,0
28,422,0
28,423,0
28,424,0
28,425,0
28,426,0
28,445,0
28,449,0
28,454,0
28,456,0
28,481,0
28,504,0
28,511,0
28,541,0
28,558,0
28,600,0
28,629,0
28,630,0
28,632,0
28,679,0
28,703,0
28,784,0
28,809,0
28,837,0
28,886,0
28,939,0
28,1027,0
28,1028,0
28,1029,0
28,1035,0
28,1128,0
28,1141,0
28,1164,0
28,1238,0
28,1239,0
28,1246,0
28,1255,0
28,1418,0
28,1491,0
28,1514,0
28,1647,0
28,1648,0
28,1697,0
28,1706,0
28,1707,0
28,1989,0
28,1999,0
28,2430,0
28,2604,0
29,103,0
29,196,0
29,310,0
29,604,0
29,605,0
29,606,0
29,607,0
29,835,0
29,1134,0
29,1135,0
29,1719,0
30,31,0
30,37,0
30,40,0
30,42,0
30,64,0
30,65,0
30,66,0
30,78,0
30,80,0
30,83,0
30,85,0
30,90,0
30,97,0
30,99,0
30,100,0
30,101,0
30,111,0
30,112,0
30,115,0
30,119,0
30,123,0
30,137,0
30,139,0
30,142,0
30,154,0
30,158,0
30,160,0
30,164,0
30,168,0
30,169,0
30,172,0
30,175,0
30,176,0
30,177,0
30,182,0
30,184,0
30,185,0
30,186,0
30,193,0
30,202,0
30,204,0
30,207,0
30,210,0
30,211,0
30,212,0
30,213,0
30,226,0
30,228,0
30,248,0
30,280,0
30,281,0
30,290,0
30,298,0
30,302,0
30,307,0
30,308,0
30,313,0
30,315,0
30,316,0
30,318,0
30,320,0
30,345,0
30,366,0
30,369,0
30,370,0
30,372,0
30,388,0
30,389,0
30,393,0
30,394,0
30,395,0
30,396,0
30,397,0
30,398,0
30,405,0
30,411,0
30,412,0
30,416,0
30,450,0
30,454,0
30,460,0
30,461,0
30,479,0
30,480,0
30,504,0
30,527,0
30,534,0
30,542,0
30,544,0
30,547,0
30,553,0
30,554,0
30,597,0
30,630,0
30,668,0
30,669,0
30,673,0
30,674,0
30,683,0
30,685,0
30,687,0
30,719,0
30,784,0
30,801,0
30,819,0
30,837,0
30,841,0
30,908,0
30,913,0
30,951,0
30,1035,0
30,1038,0
30,1079,0
30,1123,0
30,1132,0
30,1137,0
30,1138,0
30,1160,0
30,1162,0
30,1196,0
30,1198,0
30,1236,0
30,1245,0
30,1246,0
30,1362,0
30,1432,0
30,1436,0
30,1472,0
30,1491,0
30,1510,0
30,1511,0
30,1512,0
30,1669,0
30,1706,0
30,1755,0
30,1921,0
30,1923,0
30,1924,0
30,1939,0
30,1989,0
30,2029,0
30,2031,0
30,2742,0
30,2791,0
31,50,0
31,54,0
31,118,0
31,139,0
31,165,0
31,166,0
31,167,0
31,170,0
31,213,0
31,427,0
31,428,0
31,459,0
31,476,0
31,567,0
31,749,0
31,750,0
31,968,0
31,1316,0
31,1317,0
31,1395,0
31,1432,0
31,1649,0
31,1989,0
31,2797,0
32,33,0
32,35,0
32,36,0
32,52,0
32,53,0
32,84,0
32,99,0
32,152,0
32,153,0
32,154,0
32,155,0
32,159,0
32,186,0
32,204,0
32,205,0
32,206,0
32,207,0
32,208,0
32,209,0
32,247,0
32,257,0
32,274,0
32,275,0
32,276,0
32,277,0
32,278,0
32,302,0
32,303,0
32,311,0
32,352,0
32,427,0
32,445,0
32,446,0
32,481,0
32,491,0
32,563,0
32,567,0
32,592,0
32,608,0
32,609,0
32,610,0
32,611,0
32,612,0
32,617,0
32,639,0
32,640,0
32,680,0
32,681,0
32,682,0
32,752,0
32,815,0
32,828,0
32,855,0
32,856,0
32,862,0
32,929,0
32,964,0
32,1035,0
32,1079,0
32,1120,0
32,1121,0
32,1123,0
32,1246,0
32,1256,0
32,1388,0
32,1522,0
32,1529,0
32,1680,0
32,1841,0
32,1973,0
33,34,0
33,36,0
33,51,0
33,53,0
33,54,0
33,55,0
33,61,0
33,62,0
33,69,0
33,84,0
33,91,0
33,92,0
33,97,0
33,148,0
33,152,0
33,153,0
33,155,0
33,159,0
33,160,0
33,162,0
33,192,0
33,193,0
33,194,0
33,195,0
33,196,0
33,208,0
33,209,0
33,226,0
33,295,0
33,296,0
33,297,0
33,311,0
33,314,0
33,426,0
33,427,0
33,436,0
33,445,0
33,447,0
33,448,0
33,458,0
33,470,0
33,479,0
33,481,0
33,488,0
33,506,0
33,518,0
33,566,0
33,567,0
33,576,0
33,592,0
33,616,0
33,617,0
33,625,0
33,628,0
33,652,0
33,680,0
33,681,0
33,682,0
33,689,0
33,752,0
33,766,0
33,767,0
33,775,0
33,789,0
33,815,0
33,816,0
33,817,0
33,822,0
33,848,0
33,862,0
33,889,0
33,919,0
33,929,0
33,938,0
33,942,0
33,964,0
33,976,0
33,1015,0
33,1018,0
33,1035,0
33,1079,0
33,1123,0
33,1127,0
33,1201,0
33,1241,0
33,1246,0
33,1263,0
33,1265,0
33,1322,0
33,1323,0
33,1338,0
33,1382,0
33,1383,0
33,1384,0
33,1388,0
33,1408,0
33,1484,0
33,1487,0
33,1529,0
33,1602,0
33,1628,0
33,1646,0
33,1652,0
33,1662,0
33,1663,0
33,1664,0
33,1718,0
33,1721,0
33,1790,0
33,1822,0
33,1841,0
33,1963,0
33,1973,0
33,1984,0
33,1985,0
33,1987,0
33,2063,0
33,2064,0
33,2065,0
33,2161,0
33,2850,0
33,3076,0
33,3077,0
33,3078,0
33,4068,0
34,35,0
34,36,0
34,54,0
34,55,0
34,60,0
34,61,0
34,62,0
34,84,0
34,148,0
34,149,0
34,150,0
34,153,0
34,154,0
34,155,0
34,160,0
34,162,0
34,163,0
34,208,0
34,209,0
34,311,0
34,427,0
34,445,0
34,481,0
34,506,0
34,567,0
34,592,0
34,616,0
34,617,0
34,667,0
34,668,0
34,680,0
34,681,0
34,682,0
34,752,0
34,815,0
34,862,0
34,929,0
34,964,0
34,1035,0
34,1079,0
34,1121,0
34,1122,0
34,1123,0
34,1246,0
34,1278,0
34,1388,0
34,1529,0
34,1649,0
34,1841,0
34,1973,0
35,36,0
35,51,0
35,60,0
35,84,0
35,93,0
35,94,0
35,95,0
35,96,0
35,116,0
35,148,0
35,151,0
35,153,0
35,155,0
35,160,0
35,163,0
35,167,0
35,174,0
35,208,0
35,209,0
35,224,0
35,243,0
35,311,0
35,331,0
35,420,0
35,427,0
35,429,0
35,445,0
35,449,0
35,481,0
35,489,0
35,490,0
35,512,0
35,517,0
35,567,0
35,577,0
35,592,0
35,617,0
35,624,0
35,626,0
35,627,0
35,680,0
35,681,0
35,682,0
35,752,0
35,815,0
35,821,0
35,847,0
35,862,0
35,929,0
35,950,0
35,964,0
35,1035,0
35,1039,0
35,1079,0
35,1123,0
35,1127,0
35,1180,0
35,1181,0
35,1201,0
35,1246,0
35,1278,0
35,1388,0
35,1476,0
35,1477,0
35,1529,0
35,1649,0
35,1651,0
35,1818,0
35,1841,0
35,1873,0
35,1973,0
35,1986,0
35,2556,0
36,51,0
36,84,0
36,148,0
36,210,0
36,311,0
36,427,0
36,445,0
36,481,0
36,567,0
36,592,0
36,614,0
36,617,0
36,680,0
36,681,0
36,752,0
36,815,0
36,839,0
36,862,0
36,929,0
36,964,0
36,1035,0
36,1079,0
36,1121,0
36,1123,0
36,1246,0
36,1278,0
36,1388,0
36,1529,0
36,1649,0
36,1832,0
36,1833,0
36,1841,0
36,1973,0
37,38,0
37,40,0
37,42,0
37,63,0
37,70,0
37,78,0
37,80,0
37,86,0
37,98,0
37,99,0
37,100,0
37,111,0
37,112,0
37,114,0
37,116,0
37,117,0
37,141,0
37,142,0
37,164,0
37,171,0
37,176,0
37,181,0
37,182,0
37,183,0
37,193,0
37,201,0
37,202,0
37,203,0
37,210,0
37,226,0
37,228,0
37,232,0
37,290,0
37,302,0
37,303,0
37,307,0
37,313,0
37,315,0
37,319,0
37,322,0
37,389,0
37,430,0
37,435,0
37,445,0
37,450,0
37,451,0
37,454,0
37,455,0
37,473,0
37,479,0
37,480,0
37,504,0
37,507,0
37,539,0
37,555,0
37,556,0
37,586,0
37,587,0
37,597,0
37,668,0
37,683,0
37,685,0
37,687,0
37,719,0
37,755,0
37,784,0
37,819,0
37,877,0
37,914,0
37,915,0
37,1079,0
37,1128,0
37,1138,0
37,1140,0
37,1162,0
37,1204,0
37,1255,0
37,1365,0
37,1419,0
37,1436,0
37,1489,0
37,1490,0
37,1667,0
37,1685,0
37,1706,0
37,1754,0
37,1809,0
37,1921,0
37,1926,0
37,1939,0
37,1995,0
37,1996,0
37,1998,0
37,2056,0
37,2662,0
38,87,0
38,114,0
38,269,0
38,350,0
38,351,0
38,433,0
38,445,0
38,455,0
38,503,0
38,698,0
38,876,0
38,877,0
38,917,0
38,1219,0
38,1234,0
38,1289,0
38,1364,0
38,1436,0
38,1667,0
38,1808,0
38,1809,0
38,1810,0
38,1811,0
38,1975,0
38,2056,0
38,2058,0
38,2570,0
38,2571,0
38,2572,0
39,97,0
39,114,0
39,115,0
39,269,0
39,270,0
39,271,0
39,272,0
39,273,0
39,421,0
39,434,0
39,445,0
39,455,0
39,698,0
39,753,0
39,876,0
39,878,0
39,917,0
39,1364,0
39,1436,0
39,1667,0
39,1697,0
39,1810,0
39,1925,0
39,1999,0
39,2056,0
39,7553,0
39,10754,0
40,80,0
40,97,0
40,98,0
40,99,0
40,112,0
40,115,0
40,164,0
40,176,0
40,182,0
40,193,0
40,210,0
40,226,0
40,228,0
40,290,0
40,302,0
40,313,0
40,315,0
40,450,0
40,454,0
40,479,0
40,480,0
40,504,0
40,597,0
40,668,0
40,683,0
40,685,0
40,687,0
40,719,0
40,784,0
40,819,0
40,1079,0
40,1162,0
40,1436,0
40,1921,0
40,1939,0
42,80,0
42,97,0
42,98,0
42,99,0
42,112,0
42,115,0
42,164,0
42,176,0
42,182,0
42,193,0
42,210,0
42,226,0
42,228,0
42,290,0
42,302,0
42,313,0
42,315,0
42,450,0
42,454,0
42,479,0
42,480,0
42,504,0
42,597,0
42,668,0
42,683,0
42,685,0
42,687,0
42,719,0
42,784,0
42,819,0
42,1079,0
42,1162,0
42,1436,0
42,1921,0
42,1939,0
45,47,0
45,57,0
45,265,0
45,266,0
45,267,0
45,402,0
45,500,0
45,501,0
45,545,0
45,546,0
45,1682,0
45,1683,0
45,1698,0
45,1699,0
46,47,0
46,57,0
46,58,0
46,265,0
46,266,0
46,267,0
46,402,0
46,500,0
46,501,0
46,545,0
46,546,0
46,1682,0
46,1683,0
46,1698,0
46,1699,0
47,88,0
47,265,0
47,266,0
47,267,0
47,402,0
47,500,0
47,501,0
47,545,0
47,546,0
47,1682,0
47,1683,0
47,1698,0
47,1699,0
48,50,0
48,63,0
48,67,0
48,89,0
48,98,0
48,118,0
48,173,0
48,212,0
48,280,0
48,319,0
48,346,0
48,367,0
48,368,0
48,393,0
48,395,0
48,411,0
48,412,0
48,450,0
48,451,0
48,452,0
48,453,0
48,460,0
48,544,0
48,547,0
48,643,0
48,644,0
48,674,0
48,840,0
48,857,0
48,858,0
48,913,0
48,1140,0
48,1182,0
48,1184,0
48,1187,0
48,1188,0
48,1190,0
48,1236,0
48,1362,0
48,1478,0
48,1479,0
48,1510,0
48,1511,0
48,1512,0
48,1669,0
48,1724,0
48,2055,0
48,2598,0
48,2742,0
48,2791,0
49,63,0
49,67,0
49,90,0
49,98,0
49,118,0
49,172,0
49,211,0
49,212,0
49,294,0
49,318,0
49,319,0
49,346,0
49,368,0
49,369,0
49,370,0
49,393,0
49,394,0
49,395,0
49,397,0
49,412,0
49,416,0
49,450,0
49,451,0
49,452,0
49,453,0
49,461,0
49,542,0
49,544,0
49,547,0
49,615,0
49,840,0
49,841,0
49,913,0
49,1140,0
49,1182,0
49,1184,0
49,1187,0
49,1188,0
49,1190,0
49,1362,0
49,1478,0
49,1479,0
49,1755,0
49,2029,0
49,2031,0
49,2742,0
49,2791,0
50,63,0
50,67,0
50,98,0
50,118,0
50,139,0
50,156,0
50,157,0
50,158,0
50,168,0
50,172,0
50,173,0
50,294,0
50,346,0
50,367,0
50,368,0
50,461,0
50,615,0
50,840,0
50,1196,0
50,1237,0
50,1363,0
50,1432,0
50,1989,0
51,52,0
51,53,0
51,84,0
51,148,0
51,149,0
51,150,0
51,152,0
51,153,0
51,155,0
51,159,0
51,208,0
51,209,0
51,210,0
51,275,0
51,276,0
51,277,0
51,278,0
51,311,0
51,352,0
51,427,0
51,445,0
51,481,0
51,567,0
51,592,0
51,613,0
51,614,0
51,617,0
51,680,0
51,681,0
51,682,0
51,752,0
51,815,0
51,838,0
51,839,0
51,862,0
51,929,0
51,964,0
51,1035,0
51,1079,0
51,1122,0
51,1123,0
51,1246,0
51,1388,0
51,1529,0
51,1832,0
51,1833,0
51,1841,0
51,1973,0
51,2704,0
51,2705,0
52,53,0
52,152,0
52,159,0
52,274,0
52,667,0
52,668,0
52,1120,0
53,56,0
53,84,0
53,91,0
53,92,0
53,152,0
53,159,0
53,160,0
53,161,0
53,167,0
53,274,0
53,275,0
53,276,0
53,277,0
53,278,0
53,295,0
53,296,0
53,352,0
53,950,0
53,1039,0
53,1120,0
53,1649,0
53,2556,0
54,56,0
54,61,0
54,83,0
54,91,0
54,92,0
54,152,0
54,160,0
54,161,0
54,162,0
54,165,0
54,166,0
54,296,0
54,427,0
54,428,0
54,457,0
54,458,0
54,476,0
54,568,0
54,616,0
54,618,0
54,749,0
54,750,0
54,818,0
54,820,0
54,955,0
54,965,0
54,968,0
54,1041,0
54,1194,0
54,1252,0
54,1316,0
54,1317,0
54,1394,0
54,1395,0
54,1481,0
54,2657,0
54,2658,0
54,4024,0
55,56,0
55,60,0
55,61,0
55,62,0
55,84,0
55,152,0
55,159,0
55,162,0
55,163,0
55,167,0
55,295,0
55,296,0
55,506,0
55,616,0
55,1039,0
55,1649,0
56,61,0
56,62,0
56,91,0
56,92,0
56,97,0
56,151,0
56,152,0
56,159,0
56,162,0
56,192,0
56,193,0
56,194,0
56,243,0
56,282,0
56,295,0
56,296,0
56,297,0
56,331,0
56,420,0
56,436,0
56,448,0
56,449,0
56,470,0
56,489,0
56,490,0
56,506,0
56,512,0
56,517,0
56,518,0
56,577,0
56,616,0
56,624,0
56,626,0
56,627,0
56,652,0
56,752,0
56,766,0
56,821,0
56,822,0
56,848,0
56,889,0
56,919,0
56,929,0
56,1126,0
56,1180,0
56,1181,0
56,1241,0
56,1263,0
56,1265,0
56,1322,0
56,1408,0
56,1477,0
56,1484,0
56,1487,0
56,1602,0
56,1651,0
56,1652,0
56,1662,0
56,1663,0
56,1718,0
56,1818,0
56,1873,0
56,1986,0
56,2850,0
56,24331,0
57,58,0
57,265,0
57,266,0
57,267,0
57,402,0
57,500,0
57,501,0
57,545,0
57,546,0
57,1682,0
57,1683,0
57,1698,0
57,1699,0
58,88,0
58,265,0
58,266,0
58,267,0
58,402,0
58,500,0
58,501,0
58,545,0
58,546,0
58,1682,0
58,1683,0
58,1698,0
58,1699,0
59,265,0
59,266,0
59,267,0
59,402,0
59,500,0
59,501,0
59,545,0
59,546,0
59,1682,0
59,1683,0
59,1698,0
59,1699,0
60,61,0
60,84,0
60,137,0
60,162,0
60,167,0
60,213,0
60,295,0
60,296,0
60,312,0
60,313,0
60,314,0
60,315,0
60,512,0
60,616,0
60,686,0
60,760,0
60,1039,0
60,1091,0
60,1646,0
60,1649,0
60,1758,0
60,1759,0
61,62,0
61,91,0
61,92,0
61,152,0
61,160,0
61,295,0
61,296,0
61,506,0
61,839,0
61,2556,0
61,2623,0
61,2624,0
61,2625,0
62,84,0
62,91,0
62,92,0
62,152,0
62,160,0
62,161,0
62,162,0
62,163,0
62,167,0
62,295,0
62,296,0
62,506,0
62,616,0
62,1039,0
62,1649,0
63,80,0
63,89,0
63,116,0
63,117,0
63,118,0
63,119,0
63,131,0
63,150,0
63,156,0
63,157,0
63,176,0
63,184,0
63,185,0
63,186,0
63,193,0
63,218,0
63,248,0
63,279,0
63,280,0
63,281,0
63,294,0
63,320,0
63,346,0
63,359,0
63,360,0
63,361,0
63,362,0
63,367,0
63,368,0
63,372,0
63,418,0
63,419,0
63,430,0
63,462,0
63,463,0
63,465,0
63,466,0
63,481,0
63,484,0
63,535,0
63,536,0
63,584,0
63,585,0
63,597,0
63,615,0
63,652,0
63,668,0
63,670,0
63,671,0
63,672,0
63,751,0
63,752,0
63,827,0
63,837,0
63,840,0
63,871,0
63,872,0
63,914,0
63,971,0
63,1035,0
63,1043,0
63,1079,0
63,1123,0
63,1124,0
63,1132,0
63,1138,0
63,1159,0
63,1167,0
63,1198,0
63,1210,0
63,1237,0
63,1246,0
63,1271,0
63,1272,0
63,1363,0
63,1473,0
63,1494,0
63,1555,0
63,1670,0
63,1700,0
63,1701,0
63,1741,0
63,1754,0
63,1892,0
63,1922,0
63,1923,0
63,2004,0
63,2005,0
63,2006,0
63,2007,0
63,2020,0
63,2715,0
63,2716,0
63,2847,0
63,2848,0
64,65,0
64,67,0
64,97,0
64,99,0
64,100,0
64,101,0
64,118,0
64,119,0
64,175,0
64,177,0
64,184,0
64,185,0
64,186,0
64,294,0
64,298,0
64,307,0
64,308,0
64,320,0
64,345,0
64,366,0
64,388,0
64,389,0
64,419,0
64,534,0
64,553,0
64,669,0
64,670,0
64,671,0
64,672,0
64,673,0
64,674,0
64,675,0
64,676,0
64,677,0
64,837,0
64,871,0
64,872,0
64,971,0
64,1035,0
64,1123,0
64,1160,0
64,1246,0
64,1272,0
64,1273,0
64,1275,0
64,1472,0
64,1527,0
64,1701,0
64,2004,0
64,2005,0
64,2006,0
64,2007,0
65,67,0
65,97,0
65,98,0
65,117,0
65,131,0
65,150,0
65,175,0
65,176,0
65,177,0
65,218,0
65,258,0
65,298,0
65,307,0
65,308,0
65,345,0
65,359,0
65,362,0
65,366,0
65,388,0
65,389,0
65,430,0
65,462,0
65,463,0
65,484,0
65,534,0
65,553,0
65,597,0
65,652,0
65,669,0
65,673,0
65,751,0
65,752,0
65,837,0
65,971,0
65,1079,0
65,1124,0
65,1132,0
65,1160,0
65,1167,0
65,1210,0
65,1246,0
65,1472,0
65,1494,0
65,1555,0
65,1670,0
65,1701,0
65,1922,0
65,2004,0
65,2005,0
65,2006,0
65,2007,0
65,2020,0
66,67,0
66,97,0
66,98,0
66,99,0
66,100,0
66,101,0
66,175,0
66,177,0
66,258,0
66,279,0
66,280,0
66,298,0
66,307,0
66,308,0
66,345,0
66,366,0
66,388,0
66,389,0
66,534,0
66,553,0
66,669,0
66,673,0
66,971,0
66,1160,0
66,1472,0
66,1701,0
66,2004,0
66,2005,0
66,2006,0
66,2007,0
67,89,0
67,97,0
67,99,0
67,100,0
67,101,0
67,119,0
67,156,0
67,157,0
67,175,0
67,177,0
67,184,0
67,185,0
67,186,0
67,294,0
67,298,0
67,307,0
67,308,0
67,320,0
67,325,0
67,345,0
67,346,0
67,366,0
67,367,0
67,368,0
67,388,0
67,389,0
67,398,0
67,399,0
67,400,0
67,466,0
67,534,0
67,542,0
67,543,0
67,544,0
67,553,0
67,554,0
67,615,0
67,669,0
67,673,0
67,837,0
67,840,0
67,867,0
67,1035,0
67,1123,0
67,1124,0
67,1125,0
67,1160,0
67,1169,0
67,1170,0
67,1197,0
67,1237,0
67,1246,0
67,1363,0
67,1472,0
67,1740,0
67,1741,0
67,1781,0
67,1948,0
67,1949,0
67,2043,0
68,69,0
68,70,0
68,71,0
68,72,0
68,103,0
68,105,0
68,107,0
68,178,0
68,299,0
68,301,0
68,437,0
68,438,0
68,439,0
68,508,0
68,509,0
68,560,0
68,810,0
68,1419,0
68,1686,0
69,70,0
69,71,0
69,94,0
69,95,0
69,107,0
69,134,0
69,178,0
69,299,0
69,301,0
69,508,0
69,509,0
69,1180,0
69,1181,0
69,1686,0
70,72,0
70,78,0
70,104,0
70,105,0
70,107,0
70,120,0
70,121,0
70,178,0
70,179,0
70,299,0
70,301,0
70,319,0
70,507,0
70,508,0
70,509,0
70,555,0
70,556,0
70,1128,0
70,1419,0
70,1686,0
71,72,0
71,105,0
71,107,0
71,120,0
71,121,0
71,178,0
71,299,0
71,301,0
71,421,0
71,508,0
71,509,0
71,1686,0
72,178,0
72,195,0
72,299,0
72,300,0
72,301,0
72,420,0
72,508,0
72,509,0
72,510,0
72,581,0
72,1686,0
73,75,0
73,109,0
73,110,0
73,123,0
73,124,0
73,125,0
73,126,0
73,127,0
73,180,0
73,248,0
73,282,0
73,431,0
73,440,0
73,567,0
73,629,0
73,630,0
73,762,0
73,918,0
73,1126,0
73,1723,0
74,75,0
74,108,0
74,109,0
74,110,0
74,180,0
74,431,0
74,629,0
74,630,0
74,1127,0
74,1128,0
74,1457,0
74,1458,0
74,1722,0
74,1723,0
75,282,0
75,629,0
75,630,0
75,1722,0
75,1723,0
76,77,0
76,78,0
76,81,0
76,82,0
76,103,0
76,219,0
76,221,0
76,222,0
76,236,0
76,288,0
76,302,0
76,304,0
76,322,0
76,353,0
76,354,0
76,355,0
76,356,0
76,387,0
76,422,0
76,445,0
76,507,0
76,525,0
76,541,0
76,561,0
76,703,0
76,809,0
76,813,0
76,886,0
76,930,0
76,932,0
76,972,0
76,1131,0
76,1376,0
76,1459,0
76,1460,0
76,1582,0
76,1742,0
76,1743,0
76,1761,0
76,1774,0
76,1838,0
76,1849,0
76,1885,0
76,1927,0
76,2003,0
76,2022,0
76,2023,0
76,2181,0
76,2182,0
76,2244,0
76,2604,0
76,3448,0
76,3449,0
76,3450,0
76,3490,0
77,78,0
77,79,0
77,80,0
77,81,0
77,82,0
77,103,0
77,164,0
77,183,0
77,196,0
77,237,0
77,269,0
77,282,0
77,303,0
77,305,0
77,355,0
77,386,0
77,421,0
77,445,0
77,455,0
77,481,0
77,556,0
77,557,0
77,558,0
77,559,0
77,837,0
77,884,0
77,930,0
77,1035,0
77,1141,0
77,1164,0
77,1240,0
77,1246,0
77,1255,0
77,1419,0
77,1457,0
77,1458,0
77,1644,0
77,1645,0
77,1707,0
77,1838,0
77,1921,0
77,1922,0
77,1999,0
77,2078,0
78,81,0
78,82,0
78,121,0
78,141,0
78,142,0
78,154,0
78,158,0
78,182,0
78,188,0
78,202,0
78,203,0
78,210,0
78,212,0
78,219,0
78,221,0
78,222,0
78,223,0
78,232,0
78,236,0
78,269,0
78,284,0
78,288,0
78,303,0
78,319,0
78,353,0
78,354,0
78,355,0
78,376,0
78,422,0
78,441,0
78,445,0
78,455,0
78,507,0
78,540,0
78,555,0
78,600,0
78,636,0
78,679,0
78,703,0
78,755,0
78,758,0
78,768,0
78,809,0
78,810,0
78,852,0
78,854,0
78,877,0
78,886,0
78,915,0
78,930,0
78,972,0
78,1128,0
78,1140,0
78,1204,0
78,1238,0
78,1239,0
78,1255,0
78,1364,0
78,1365,0
78,1419,0
78,1489,0
78,1490,0
78,1491,0
78,1514,0
78,1655,0
78,1697,0
78,1706,0
78,1838,0
78,1885,0
78,1925,0
78,1927,0
78,2050,0
78,2078,0
78,2244,0
78,2604,0
78,3490,0
79,80,0
79,103,0
79,140,0
79,141,0
79,183,0
79,196,0
79,198,0
79,199,0
79,228,0
79,232,0
79,237,0
79,254,0
79,269,0
79,285,0
79,287,0
79,288,0
79,289,0
79,290,0
79,291,0
79,292,0
79,293,0
79,305,0
79,357,0
79,386,0
79,451,0
79,454,0
79,455,0
79,456,0
79,473,0
79,556,0
79,558,0
79,632,0
79,784,0
79,884,0
79,939,0
79,1191,0
79,1419,0
79,1489,0
80,81,0
80,98,0
80,99,0
80,100,0
80,103,0
80,112,0
80,115,0
80,116,0
80,117,0
80,164,0
80,176,0
80,182,0
80,193,0
80,196,0
80,210,0
80,226,0
80,228,0
80,237,0
80,269,0
80,290,0
80,291,0
80,292,0
80,293,0
80,302,0
80,305,0
80,307,0
80,313,0
80,315,0
80,357,0
80,386,0
80,389,0
80,391,0
80,403,0
80,408,0
80,409,0
80,410,0
80,430,0
80,450,0
80,454,0
80,455,0
80,456,0
80,479,0
80,480,0
80,504,0
80,512,0
80,556,0
80,558,0
80,597,0
80,632,0
80,668,0
80,683,0
80,685,0
80,687,0
80,719,0
80,730,0
80,784,0
80,819,0
80,884,0
80,914,0
80,939,0
80,1079,0
80,1138,0
80,1162,0
80,1177,0
80,1178,0
80,1313,0
80,1407,0
80,1419,0
80,1436,0
80,1646,0
80,1688,0
80,1689,0
80,1690,0
80,1707,0
80,1754,0
80,1921,0
80,1939,0
80,2000,0
80,2566,0
80,2567,0
80,3436,0
80,6463,0
81,82,0
81,103,0
81,112,0
81,121,0
81,164,0
81,182,0
81,196,0
81,219,0
81,221,0
81,222,0
81,235,0
81,236,0
81,269,0
81,284,0
81,306,0
81,353,0
81,354,0
81,387,0
81,422,0
81,423,0
81,424,0
81,425,0
81,455,0
81,541,0
81,556,0
81,557,0
81,559,0
81,679,0
81,703,0
81,758,0
81,809,0
81,810,0
81,854,0
81,886,0
81,1129,0
81,1419,0
81,1458,0
81,2024,0
81,2604,0
82,97,0
82,103,0
82,164,0
82,196,0
82,200,0
82,228,0
82,237,0
82,269,0
82,288,0
82,305,0
82,317,0
82,354,0
82,358,0
82,386,0